[2026-03-02 02:49:59] INFO     data_pipeline.database | SQLAlchemy Engine created
[2026-03-02 02:49:59] INFO     data_pipeline.DateTimeTransformer | Generated 48 dim_month_year rows
[2026-03-02 02:49:59] INFO     data_pipeline.DateTimeTransformer | Generated 4 dim_shift rows
[2026-03-02 02:49:59] INFO     data_pipeline.DateTimeTransformer | Generated 1461 dim_date rows
[2026-03-02 02:49:59] INFO     data_pipeline.DateTimeTransformer | Generated 1440 dim_time_of_day rows
[2026-03-02 02:49:59] INFO     data_pipeline.MonthYearLoader | Batch 1: upserted 0/48 rows
[2026-03-02 02:49:59] INFO     data_pipeline.date_time_pipeline | Loaded 0 records → dim_month_year
[2026-03-02 02:49:59] INFO     data_pipeline.ShiftLoader | Batch 1: upserted 0/4 rows
[2026-03-02 02:49:59] INFO     data_pipeline.date_time_pipeline | Loaded 0 records → dim_shift
[2026-03-02 02:49:59] WARNING  data_pipeline.DateLoader | Could not create partition dim_date_202401: (psycopg2.errors.InvalidObjectDefinition) "dim_date" is not partitioned

[SQL: CREATE TABLE IF NOT EXISTS dim_date_202401 PARTITION OF dim_date FOR VALUES FROM (20240101) TO (20240201)]
(Background on this error at: https://sqlalche.me/e/20/f405)
[2026-03-02 02:49:59] WARNING  data_pipeline.DateLoader | Could not create partition dim_date_202402: (psycopg2.errors.InvalidObjectDefinition) "dim_date" is not partitioned

[SQL: CREATE TABLE IF NOT EXISTS dim_date_202402 PARTITION OF dim_date FOR VALUES FROM (20240201) TO (20240301)]
(Background on this error at: https://sqlalche.me/e/20/f405)
[2026-03-02 02:49:59] WARNING  data_pipeline.DateLoader | Could not create partition dim_date_202403: (psycopg2.errors.InvalidObjectDefinition) "dim_date" is not partitioned

[SQL: CREATE TABLE IF NOT EXISTS dim_date_202403 PARTITION OF dim_date FOR VALUES FROM (20240301) TO (20240401)]
(Background on this error at: https://sqlalche.me/e/20/f405)
[2026-03-02 02:49:59] WARNING  data_pipeline.DateLoader | Could not create partition dim_date_202404: (psycopg2.errors.InvalidObjectDefinition) "dim_date" is not partitioned

[SQL: CREATE TABLE IF NOT EXISTS dim_date_202404 PARTITION OF dim_date FOR VALUES FROM (20240401) TO (20240501)]
(Background on this error at: https://sqlalche.me/e/20/f405)
[2026-03-02 02:49:59] WARNING  data_pipeline.DateLoader | Could not create partition dim_date_202405: (psycopg2.errors.InvalidObjectDefinition) "dim_date" is not partitioned

[SQL: CREATE TABLE IF NOT EXISTS dim_date_202405 PARTITION OF dim_date FOR VALUES FROM (20240501) TO (20240601)]
(Background on this error at: https://sqlalche.me/e/20/f405)
[2026-03-02 02:49:59] WARNING  data_pipeline.DateLoader | Could not create partition dim_date_202406: (psycopg2.errors.InvalidObjectDefinition) "dim_date" is not partitioned

[SQL: CREATE TABLE IF NOT EXISTS dim_date_202406 PARTITION OF dim_date FOR VALUES FROM (20240601) TO (20240701)]
(Background on this error at: https://sqlalche.me/e/20/f405)
[2026-03-02 02:49:59] WARNING  data_pipeline.DateLoader | Could not create partition dim_date_202407: (psycopg2.errors.InvalidObjectDefinition) "dim_date" is not partitioned

[SQL: CREATE TABLE IF NOT EXISTS dim_date_202407 PARTITION OF dim_date FOR VALUES FROM (20240701) TO (20240801)]
(Background on this error at: https://sqlalche.me/e/20/f405)
[2026-03-02 02:49:59] WARNING  data_pipeline.DateLoader | Could not create partition dim_date_202408: (psycopg2.errors.InvalidObjectDefinition) "dim_date" is not partitioned

[SQL: CREATE TABLE IF NOT EXISTS dim_date_202408 PARTITION OF dim_date FOR VALUES FROM (20240801) TO (20240901)]
(Background on this error at: https://sqlalche.me/e/20/f405)
[2026-03-02 02:49:59] WARNING  data_pipeline.DateLoader | Could not create partition dim_date_202409: (psycopg2.errors.InvalidObjectDefinition) "dim_date" is not partitioned

[SQL: CREATE TABLE IF NOT EXISTS dim_date_202409 PARTITION OF dim_date FOR VALUES FROM (20240901) TO (20241001)]
(Background on this error at: https://sqlalche.me/e/20/f405)
[2026-03-02 02:49:59] WARNING  data_pipeline.DateLoader | Could not create partition dim_date_202410: (psycopg2.errors.InvalidObjectDefinition) "dim_date" is not partitioned

[SQL: CREATE TABLE IF NOT EXISTS dim_date_202410 PARTITION OF dim_date FOR VALUES FROM (20241001) TO (20241101)]
(Background on this error at: https://sqlalche.me/e/20/f405)
[2026-03-02 02:49:59] WARNING  data_pipeline.DateLoader | Could not create partition dim_date_202411: (psycopg2.errors.InvalidObjectDefinition) "dim_date" is not partitioned

[SQL: CREATE TABLE IF NOT EXISTS dim_date_202411 PARTITION OF dim_date FOR VALUES FROM (20241101) TO (20241201)]
(Background on this error at: https://sqlalche.me/e/20/f405)
[2026-03-02 02:49:59] WARNING  data_pipeline.DateLoader | Could not create partition dim_date_202412: (psycopg2.errors.InvalidObjectDefinition) "dim_date" is not partitioned

[SQL: CREATE TABLE IF NOT EXISTS dim_date_202412 PARTITION OF dim_date FOR VALUES FROM (20241201) TO (20250101)]
(Background on this error at: https://sqlalche.me/e/20/f405)
[2026-03-02 02:49:59] WARNING  data_pipeline.DateLoader | Could not create partition dim_date_202501: (psycopg2.errors.InvalidObjectDefinition) "dim_date" is not partitioned

[SQL: CREATE TABLE IF NOT EXISTS dim_date_202501 PARTITION OF dim_date FOR VALUES FROM (20250101) TO (20250201)]
(Background on this error at: https://sqlalche.me/e/20/f405)
[2026-03-02 02:49:59] WARNING  data_pipeline.DateLoader | Could not create partition dim_date_202502: (psycopg2.errors.InvalidObjectDefinition) "dim_date" is not partitioned

[SQL: CREATE TABLE IF NOT EXISTS dim_date_202502 PARTITION OF dim_date FOR VALUES FROM (20250201) TO (20250301)]
(Background on this error at: https://sqlalche.me/e/20/f405)
[2026-03-02 02:49:59] WARNING  data_pipeline.DateLoader | Could not create partition dim_date_202503: (psycopg2.errors.InvalidObjectDefinition) "dim_date" is not partitioned

[SQL: CREATE TABLE IF NOT EXISTS dim_date_202503 PARTITION OF dim_date FOR VALUES FROM (20250301) TO (20250401)]
(Background on this error at: https://sqlalche.me/e/20/f405)
[2026-03-02 02:49:59] WARNING  data_pipeline.DateLoader | Could not create partition dim_date_202504: (psycopg2.errors.InvalidObjectDefinition) "dim_date" is not partitioned

[SQL: CREATE TABLE IF NOT EXISTS dim_date_202504 PARTITION OF dim_date FOR VALUES FROM (20250401) TO (20250501)]
(Background on this error at: https://sqlalche.me/e/20/f405)
[2026-03-02 02:49:59] WARNING  data_pipeline.DateLoader | Could not create partition dim_date_202505: (psycopg2.errors.InvalidObjectDefinition) "dim_date" is not partitioned

[SQL: CREATE TABLE IF NOT EXISTS dim_date_202505 PARTITION OF dim_date FOR VALUES FROM (20250501) TO (20250601)]
(Background on this error at: https://sqlalche.me/e/20/f405)
[2026-03-02 02:49:59] WARNING  data_pipeline.DateLoader | Could not create partition dim_date_202506: (psycopg2.errors.InvalidObjectDefinition) "dim_date" is not partitioned

[SQL: CREATE TABLE IF NOT EXISTS dim_date_202506 PARTITION OF dim_date FOR VALUES FROM (20250601) TO (20250701)]
(Background on this error at: https://sqlalche.me/e/20/f405)
[2026-03-02 02:49:59] WARNING  data_pipeline.DateLoader | Could not create partition dim_date_202507: (psycopg2.errors.InvalidObjectDefinition) "dim_date" is not partitioned

[SQL: CREATE TABLE IF NOT EXISTS dim_date_202507 PARTITION OF dim_date FOR VALUES FROM (20250701) TO (20250801)]
(Background on this error at: https://sqlalche.me/e/20/f405)
[2026-03-02 02:49:59] WARNING  data_pipeline.DateLoader | Could not create partition dim_date_202508: (psycopg2.errors.InvalidObjectDefinition) "dim_date" is not partitioned

[SQL: CREATE TABLE IF NOT EXISTS dim_date_202508 PARTITION OF dim_date FOR VALUES FROM (20250801) TO (20250901)]
(Background on this error at: https://sqlalche.me/e/20/f405)
[2026-03-02 02:49:59] WARNING  data_pipeline.DateLoader | Could not create partition dim_date_202509: (psycopg2.errors.InvalidObjectDefinition) "dim_date" is not partitioned

[SQL: CREATE TABLE IF NOT EXISTS dim_date_202509 PARTITION OF dim_date FOR VALUES FROM (20250901) TO (20251001)]
(Background on this error at: https://sqlalche.me/e/20/f405)
[2026-03-02 02:49:59] WARNING  data_pipeline.DateLoader | Could not create partition dim_date_202510: (psycopg2.errors.InvalidObjectDefinition) "dim_date" is not partitioned

[SQL: CREATE TABLE IF NOT EXISTS dim_date_202510 PARTITION OF dim_date FOR VALUES FROM (20251001) TO (20251101)]
(Background on this error at: https://sqlalche.me/e/20/f405)
[2026-03-02 02:49:59] WARNING  data_pipeline.DateLoader | Could not create partition dim_date_202511: (psycopg2.errors.InvalidObjectDefinition) "dim_date" is not partitioned

[SQL: CREATE TABLE IF NOT EXISTS dim_date_202511 PARTITION OF dim_date FOR VALUES FROM (20251101) TO (20251201)]
(Background on this error at: https://sqlalche.me/e/20/f405)
[2026-03-02 02:49:59] WARNING  data_pipeline.DateLoader | Could not create partition dim_date_202512: (psycopg2.errors.InvalidObjectDefinition) "dim_date" is not partitioned

[SQL: CREATE TABLE IF NOT EXISTS dim_date_202512 PARTITION OF dim_date FOR VALUES FROM (20251201) TO (20260101)]
(Background on this error at: https://sqlalche.me/e/20/f405)
[2026-03-02 02:49:59] WARNING  data_pipeline.DateLoader | Could not create partition dim_date_202601: (psycopg2.errors.InvalidObjectDefinition) "dim_date" is not partitioned

[SQL: CREATE TABLE IF NOT EXISTS dim_date_202601 PARTITION OF dim_date FOR VALUES FROM (20260101) TO (20260201)]
(Background on this error at: https://sqlalche.me/e/20/f405)
[2026-03-02 02:49:59] WARNING  data_pipeline.DateLoader | Could not create partition dim_date_202602: (psycopg2.errors.InvalidObjectDefinition) "dim_date" is not partitioned

[SQL: CREATE TABLE IF NOT EXISTS dim_date_202602 PARTITION OF dim_date FOR VALUES FROM (20260201) TO (20260301)]
(Background on this error at: https://sqlalche.me/e/20/f405)
[2026-03-02 02:49:59] WARNING  data_pipeline.DateLoader | Could not create partition dim_date_202603: (psycopg2.errors.InvalidObjectDefinition) "dim_date" is not partitioned

[SQL: CREATE TABLE IF NOT EXISTS dim_date_202603 PARTITION OF dim_date FOR VALUES FROM (20260301) TO (20260401)]
(Background on this error at: https://sqlalche.me/e/20/f405)
[2026-03-02 02:49:59] WARNING  data_pipeline.DateLoader | Could not create partition dim_date_202604: (psycopg2.errors.InvalidObjectDefinition) "dim_date" is not partitioned

[SQL: CREATE TABLE IF NOT EXISTS dim_date_202604 PARTITION OF dim_date FOR VALUES FROM (20260401) TO (20260501)]
(Background on this error at: https://sqlalche.me/e/20/f405)
[2026-03-02 02:49:59] WARNING  data_pipeline.DateLoader | Could not create partition dim_date_202605: (psycopg2.errors.InvalidObjectDefinition) "dim_date" is not partitioned

[SQL: CREATE TABLE IF NOT EXISTS dim_date_202605 PARTITION OF dim_date FOR VALUES FROM (20260501) TO (20260601)]
(Background on this error at: https://sqlalche.me/e/20/f405)
[2026-03-02 02:49:59] WARNING  data_pipeline.DateLoader | Could not create partition dim_date_202606: (psycopg2.errors.InvalidObjectDefinition) "dim_date" is not partitioned

[SQL: CREATE TABLE IF NOT EXISTS dim_date_202606 PARTITION OF dim_date FOR VALUES FROM (20260601) TO (20260701)]
(Background on this error at: https://sqlalche.me/e/20/f405)
[2026-03-02 02:49:59] WARNING  data_pipeline.DateLoader | Could not create partition dim_date_202607: (psycopg2.errors.InvalidObjectDefinition) "dim_date" is not partitioned

[SQL: CREATE TABLE IF NOT EXISTS dim_date_202607 PARTITION OF dim_date FOR VALUES FROM (20260701) TO (20260801)]
(Background on this error at: https://sqlalche.me/e/20/f405)
[2026-03-02 02:49:59] WARNING  data_pipeline.DateLoader | Could not create partition dim_date_202608: (psycopg2.errors.InvalidObjectDefinition) "dim_date" is not partitioned

[SQL: CREATE TABLE IF NOT EXISTS dim_date_202608 PARTITION OF dim_date FOR VALUES FROM (20260801) TO (20260901)]
(Background on this error at: https://sqlalche.me/e/20/f405)
[2026-03-02 02:49:59] WARNING  data_pipeline.DateLoader | Could not create partition dim_date_202609: (psycopg2.errors.InvalidObjectDefinition) "dim_date" is not partitioned

[SQL: CREATE TABLE IF NOT EXISTS dim_date_202609 PARTITION OF dim_date FOR VALUES FROM (20260901) TO (20261001)]
(Background on this error at: https://sqlalche.me/e/20/f405)
[2026-03-02 02:49:59] WARNING  data_pipeline.DateLoader | Could not create partition dim_date_202610: (psycopg2.errors.InvalidObjectDefinition) "dim_date" is not partitioned

[SQL: CREATE TABLE IF NOT EXISTS dim_date_202610 PARTITION OF dim_date FOR VALUES FROM (20261001) TO (20261101)]
(Background on this error at: https://sqlalche.me/e/20/f405)
[2026-03-02 02:49:59] WARNING  data_pipeline.DateLoader | Could not create partition dim_date_202611: (psycopg2.errors.InvalidObjectDefinition) "dim_date" is not partitioned

[SQL: CREATE TABLE IF NOT EXISTS dim_date_202611 PARTITION OF dim_date FOR VALUES FROM (20261101) TO (20261201)]
(Background on this error at: https://sqlalche.me/e/20/f405)
[2026-03-02 02:49:59] WARNING  data_pipeline.DateLoader | Could not create partition dim_date_202612: (psycopg2.errors.InvalidObjectDefinition) "dim_date" is not partitioned

[SQL: CREATE TABLE IF NOT EXISTS dim_date_202612 PARTITION OF dim_date FOR VALUES FROM (20261201) TO (20270101)]
(Background on this error at: https://sqlalche.me/e/20/f405)
[2026-03-02 02:49:59] WARNING  data_pipeline.DateLoader | Could not create partition dim_date_202701: (psycopg2.errors.InvalidObjectDefinition) "dim_date" is not partitioned

[SQL: CREATE TABLE IF NOT EXISTS dim_date_202701 PARTITION OF dim_date FOR VALUES FROM (20270101) TO (20270201)]
(Background on this error at: https://sqlalche.me/e/20/f405)
[2026-03-02 02:49:59] WARNING  data_pipeline.DateLoader | Could not create partition dim_date_202702: (psycopg2.errors.InvalidObjectDefinition) "dim_date" is not partitioned

[SQL: CREATE TABLE IF NOT EXISTS dim_date_202702 PARTITION OF dim_date FOR VALUES FROM (20270201) TO (20270301)]
(Background on this error at: https://sqlalche.me/e/20/f405)
[2026-03-02 02:49:59] WARNING  data_pipeline.DateLoader | Could not create partition dim_date_202703: (psycopg2.errors.InvalidObjectDefinition) "dim_date" is not partitioned

[SQL: CREATE TABLE IF NOT EXISTS dim_date_202703 PARTITION OF dim_date FOR VALUES FROM (20270301) TO (20270401)]
(Background on this error at: https://sqlalche.me/e/20/f405)
[2026-03-02 02:49:59] WARNING  data_pipeline.DateLoader | Could not create partition dim_date_202704: (psycopg2.errors.InvalidObjectDefinition) "dim_date" is not partitioned

[SQL: CREATE TABLE IF NOT EXISTS dim_date_202704 PARTITION OF dim_date FOR VALUES FROM (20270401) TO (20270501)]
(Background on this error at: https://sqlalche.me/e/20/f405)
[2026-03-02 02:49:59] WARNING  data_pipeline.DateLoader | Could not create partition dim_date_202705: (psycopg2.errors.InvalidObjectDefinition) "dim_date" is not partitioned

[SQL: CREATE TABLE IF NOT EXISTS dim_date_202705 PARTITION OF dim_date FOR VALUES FROM (20270501) TO (20270601)]
(Background on this error at: https://sqlalche.me/e/20/f405)
[2026-03-02 02:49:59] WARNING  data_pipeline.DateLoader | Could not create partition dim_date_202706: (psycopg2.errors.InvalidObjectDefinition) "dim_date" is not partitioned

[SQL: CREATE TABLE IF NOT EXISTS dim_date_202706 PARTITION OF dim_date FOR VALUES FROM (20270601) TO (20270701)]
(Background on this error at: https://sqlalche.me/e/20/f405)
[2026-03-02 02:49:59] WARNING  data_pipeline.DateLoader | Could not create partition dim_date_202707: (psycopg2.errors.InvalidObjectDefinition) "dim_date" is not partitioned

[SQL: CREATE TABLE IF NOT EXISTS dim_date_202707 PARTITION OF dim_date FOR VALUES FROM (20270701) TO (20270801)]
(Background on this error at: https://sqlalche.me/e/20/f405)
[2026-03-02 02:49:59] WARNING  data_pipeline.DateLoader | Could not create partition dim_date_202708: (psycopg2.errors.InvalidObjectDefinition) "dim_date" is not partitioned

[SQL: CREATE TABLE IF NOT EXISTS dim_date_202708 PARTITION OF dim_date FOR VALUES FROM (20270801) TO (20270901)]
(Background on this error at: https://sqlalche.me/e/20/f405)
[2026-03-02 02:49:59] WARNING  data_pipeline.DateLoader | Could not create partition dim_date_202709: (psycopg2.errors.InvalidObjectDefinition) "dim_date" is not partitioned

[SQL: CREATE TABLE IF NOT EXISTS dim_date_202709 PARTITION OF dim_date FOR VALUES FROM (20270901) TO (20271001)]
(Background on this error at: https://sqlalche.me/e/20/f405)
[2026-03-02 02:49:59] WARNING  data_pipeline.DateLoader | Could not create partition dim_date_202710: (psycopg2.errors.InvalidObjectDefinition) "dim_date" is not partitioned

[SQL: CREATE TABLE IF NOT EXISTS dim_date_202710 PARTITION OF dim_date FOR VALUES FROM (20271001) TO (20271101)]
(Background on this error at: https://sqlalche.me/e/20/f405)
[2026-03-02 02:49:59] WARNING  data_pipeline.DateLoader | Could not create partition dim_date_202711: (psycopg2.errors.InvalidObjectDefinition) "dim_date" is not partitioned

[SQL: CREATE TABLE IF NOT EXISTS dim_date_202711 PARTITION OF dim_date FOR VALUES FROM (20271101) TO (20271201)]
(Background on this error at: https://sqlalche.me/e/20/f405)
[2026-03-02 02:49:59] WARNING  data_pipeline.DateLoader | Could not create partition dim_date_202712: (psycopg2.errors.InvalidObjectDefinition) "dim_date" is not partitioned

[SQL: CREATE TABLE IF NOT EXISTS dim_date_202712 PARTITION OF dim_date FOR VALUES FROM (20271201) TO (20280101)]
(Background on this error at: https://sqlalche.me/e/20/f405)
[2026-03-02 02:50:00] INFO     data_pipeline.DateLoader | Batch 1: upserted 0/500 rows
[2026-03-02 02:50:00] INFO     data_pipeline.DateLoader | Batch 2: upserted 0/500 rows
[2026-03-02 02:50:00] INFO     data_pipeline.DateLoader | Batch 3: upserted 0/461 rows
[2026-03-02 02:50:00] INFO     data_pipeline.date_time_pipeline | Loaded 0 records → dim_date
[2026-03-02 02:50:00] INFO     data_pipeline.TimeOfDayLoader | Batch 1: upserted 0/500 rows
[2026-03-02 02:50:00] INFO     data_pipeline.TimeOfDayLoader | Batch 2: upserted 0/500 rows
[2026-03-02 02:50:00] INFO     data_pipeline.TimeOfDayLoader | Batch 3: upserted 0/440 rows
[2026-03-02 02:50:00] INFO     data_pipeline.date_time_pipeline | Loaded 0 records → dim_time_of_day
[2026-03-02 02:50:00] INFO     data_pipeline.main | [run-static] date_time_pipeline: 0 records
[2026-03-02 02:50:00] INFO     data_pipeline.HolidayTransformer | Generated 6 dim_holiday, 52 bridge_date_holiday rows
[2026-03-02 02:50:00] INFO     data_pipeline.HolidayLoader | Batch 1: upserted 0/6 rows
[2026-03-02 02:50:00] INFO     data_pipeline.holiday_pipeline | Loaded 0 records → dim_holiday
[2026-03-02 02:50:00] WARNING  data_pipeline.BridgeDateHolidayLoader | Could not create partition bridge_date_holiday_202401: (psycopg2.errors.InvalidObjectDefinition) "bridge_date_holiday" is not partitioned

[SQL: CREATE TABLE IF NOT EXISTS bridge_date_holiday_202401 PARTITION OF bridge_date_holiday FOR VALUES FROM (20240101) TO (20240201)]
(Background on this error at: https://sqlalche.me/e/20/f405)
[2026-03-02 02:50:00] WARNING  data_pipeline.BridgeDateHolidayLoader | Could not create partition bridge_date_holiday_202402: (psycopg2.errors.InvalidObjectDefinition) "bridge_date_holiday" is not partitioned

[SQL: CREATE TABLE IF NOT EXISTS bridge_date_holiday_202402 PARTITION OF bridge_date_holiday FOR VALUES FROM (20240201) TO (20240301)]
(Background on this error at: https://sqlalche.me/e/20/f405)
[2026-03-02 02:50:00] WARNING  data_pipeline.BridgeDateHolidayLoader | Could not create partition bridge_date_holiday_202404: (psycopg2.errors.InvalidObjectDefinition) "bridge_date_holiday" is not partitioned

[SQL: CREATE TABLE IF NOT EXISTS bridge_date_holiday_202404 PARTITION OF bridge_date_holiday FOR VALUES FROM (20240401) TO (20240501)]
(Background on this error at: https://sqlalche.me/e/20/f405)
[2026-03-02 02:50:00] WARNING  data_pipeline.BridgeDateHolidayLoader | Could not create partition bridge_date_holiday_202405: (psycopg2.errors.InvalidObjectDefinition) "bridge_date_holiday" is not partitioned

[SQL: CREATE TABLE IF NOT EXISTS bridge_date_holiday_202405 PARTITION OF bridge_date_holiday FOR VALUES FROM (20240501) TO (20240601)]
(Background on this error at: https://sqlalche.me/e/20/f405)
[2026-03-02 02:50:00] WARNING  data_pipeline.BridgeDateHolidayLoader | Could not create partition bridge_date_holiday_202409: (psycopg2.errors.InvalidObjectDefinition) "bridge_date_holiday" is not partitioned

[SQL: CREATE TABLE IF NOT EXISTS bridge_date_holiday_202409 PARTITION OF bridge_date_holiday FOR VALUES FROM (20240901) TO (20241001)]
(Background on this error at: https://sqlalche.me/e/20/f405)
[2026-03-02 02:50:00] WARNING  data_pipeline.BridgeDateHolidayLoader | Could not create partition bridge_date_holiday_202501: (psycopg2.errors.InvalidObjectDefinition) "bridge_date_holiday" is not partitioned

[SQL: CREATE TABLE IF NOT EXISTS bridge_date_holiday_202501 PARTITION OF bridge_date_holiday FOR VALUES FROM (20250101) TO (20250201)]
(Background on this error at: https://sqlalche.me/e/20/f405)
[2026-03-02 02:50:00] WARNING  data_pipeline.BridgeDateHolidayLoader | Could not create partition bridge_date_holiday_202502: (psycopg2.errors.InvalidObjectDefinition) "bridge_date_holiday" is not partitioned

[SQL: CREATE TABLE IF NOT EXISTS bridge_date_holiday_202502 PARTITION OF bridge_date_holiday FOR VALUES FROM (20250201) TO (20250301)]
(Background on this error at: https://sqlalche.me/e/20/f405)
[2026-03-02 02:50:00] WARNING  data_pipeline.BridgeDateHolidayLoader | Could not create partition bridge_date_holiday_202504: (psycopg2.errors.InvalidObjectDefinition) "bridge_date_holiday" is not partitioned

[SQL: CREATE TABLE IF NOT EXISTS bridge_date_holiday_202504 PARTITION OF bridge_date_holiday FOR VALUES FROM (20250401) TO (20250501)]
(Background on this error at: https://sqlalche.me/e/20/f405)
[2026-03-02 02:50:00] WARNING  data_pipeline.BridgeDateHolidayLoader | Could not create partition bridge_date_holiday_202505: (psycopg2.errors.InvalidObjectDefinition) "bridge_date_holiday" is not partitioned

[SQL: CREATE TABLE IF NOT EXISTS bridge_date_holiday_202505 PARTITION OF bridge_date_holiday FOR VALUES FROM (20250501) TO (20250601)]
(Background on this error at: https://sqlalche.me/e/20/f405)
[2026-03-02 02:50:00] WARNING  data_pipeline.BridgeDateHolidayLoader | Could not create partition bridge_date_holiday_202509: (psycopg2.errors.InvalidObjectDefinition) "bridge_date_holiday" is not partitioned

[SQL: CREATE TABLE IF NOT EXISTS bridge_date_holiday_202509 PARTITION OF bridge_date_holiday FOR VALUES FROM (20250901) TO (20251001)]
(Background on this error at: https://sqlalche.me/e/20/f405)
[2026-03-02 02:50:00] WARNING  data_pipeline.BridgeDateHolidayLoader | Could not create partition bridge_date_holiday_202601: (psycopg2.errors.InvalidObjectDefinition) "bridge_date_holiday" is not partitioned

[SQL: CREATE TABLE IF NOT EXISTS bridge_date_holiday_202601 PARTITION OF bridge_date_holiday FOR VALUES FROM (20260101) TO (20260201)]
(Background on this error at: https://sqlalche.me/e/20/f405)
[2026-03-02 02:50:00] WARNING  data_pipeline.BridgeDateHolidayLoader | Could not create partition bridge_date_holiday_202602: (psycopg2.errors.InvalidObjectDefinition) "bridge_date_holiday" is not partitioned

[SQL: CREATE TABLE IF NOT EXISTS bridge_date_holiday_202602 PARTITION OF bridge_date_holiday FOR VALUES FROM (20260201) TO (20260301)]
(Background on this error at: https://sqlalche.me/e/20/f405)
[2026-03-02 02:50:00] WARNING  data_pipeline.BridgeDateHolidayLoader | Could not create partition bridge_date_holiday_202604: (psycopg2.errors.InvalidObjectDefinition) "bridge_date_holiday" is not partitioned

[SQL: CREATE TABLE IF NOT EXISTS bridge_date_holiday_202604 PARTITION OF bridge_date_holiday FOR VALUES FROM (20260401) TO (20260501)]
(Background on this error at: https://sqlalche.me/e/20/f405)
[2026-03-02 02:50:00] WARNING  data_pipeline.BridgeDateHolidayLoader | Could not create partition bridge_date_holiday_202605: (psycopg2.errors.InvalidObjectDefinition) "bridge_date_holiday" is not partitioned

[SQL: CREATE TABLE IF NOT EXISTS bridge_date_holiday_202605 PARTITION OF bridge_date_holiday FOR VALUES FROM (20260501) TO (20260601)]
(Background on this error at: https://sqlalche.me/e/20/f405)
[2026-03-02 02:50:00] WARNING  data_pipeline.BridgeDateHolidayLoader | Could not create partition bridge_date_holiday_202609: (psycopg2.errors.InvalidObjectDefinition) "bridge_date_holiday" is not partitioned

[SQL: CREATE TABLE IF NOT EXISTS bridge_date_holiday_202609 PARTITION OF bridge_date_holiday FOR VALUES FROM (20260901) TO (20261001)]
(Background on this error at: https://sqlalche.me/e/20/f405)
[2026-03-02 02:50:00] WARNING  data_pipeline.BridgeDateHolidayLoader | Could not create partition bridge_date_holiday_202701: (psycopg2.errors.InvalidObjectDefinition) "bridge_date_holiday" is not partitioned

[SQL: CREATE TABLE IF NOT EXISTS bridge_date_holiday_202701 PARTITION OF bridge_date_holiday FOR VALUES FROM (20270101) TO (20270201)]
(Background on this error at: https://sqlalche.me/e/20/f405)
[2026-03-02 02:50:00] WARNING  data_pipeline.BridgeDateHolidayLoader | Could not create partition bridge_date_holiday_202702: (psycopg2.errors.InvalidObjectDefinition) "bridge_date_holiday" is not partitioned

[SQL: CREATE TABLE IF NOT EXISTS bridge_date_holiday_202702 PARTITION OF bridge_date_holiday FOR VALUES FROM (20270201) TO (20270301)]
(Background on this error at: https://sqlalche.me/e/20/f405)
[2026-03-02 02:50:00] WARNING  data_pipeline.BridgeDateHolidayLoader | Could not create partition bridge_date_holiday_202704: (psycopg2.errors.InvalidObjectDefinition) "bridge_date_holiday" is not partitioned

[SQL: CREATE TABLE IF NOT EXISTS bridge_date_holiday_202704 PARTITION OF bridge_date_holiday FOR VALUES FROM (20270401) TO (20270501)]
(Background on this error at: https://sqlalche.me/e/20/f405)
[2026-03-02 02:50:00] WARNING  data_pipeline.BridgeDateHolidayLoader | Could not create partition bridge_date_holiday_202705: (psycopg2.errors.InvalidObjectDefinition) "bridge_date_holiday" is not partitioned

[SQL: CREATE TABLE IF NOT EXISTS bridge_date_holiday_202705 PARTITION OF bridge_date_holiday FOR VALUES FROM (20270501) TO (20270601)]
(Background on this error at: https://sqlalche.me/e/20/f405)
[2026-03-02 02:50:00] WARNING  data_pipeline.BridgeDateHolidayLoader | Could not create partition bridge_date_holiday_202709: (psycopg2.errors.InvalidObjectDefinition) "bridge_date_holiday" is not partitioned

[SQL: CREATE TABLE IF NOT EXISTS bridge_date_holiday_202709 PARTITION OF bridge_date_holiday FOR VALUES FROM (20270901) TO (20271001)]
(Background on this error at: https://sqlalche.me/e/20/f405)
[2026-03-02 02:50:00] INFO     data_pipeline.BridgeDateHolidayLoader | Batch 1: upserted 0/52 rows
[2026-03-02 02:50:00] INFO     data_pipeline.holiday_pipeline | Loaded 0 records → bridge_date_holiday
[2026-03-02 02:50:00] INFO     data_pipeline.main | [run-static] holiday_pipeline: 0 records
[2026-03-02 02:50:00] INFO     data_pipeline.LocationTransformer | Generated 10 dim_location records
[2026-03-02 02:50:00] INFO     data_pipeline.LocationLoader | Batch 1: upserted 0/10 rows
[2026-03-02 02:50:00] INFO     data_pipeline.location_pipeline | Loaded 0 records → dim_location
[2026-03-02 02:50:00] INFO     data_pipeline.main | [run-spatial] location_pipeline: 0 records
[2026-03-02 02:50:02] INFO     data_pipeline.OSMExtractor | Downloading OSM network: bbox={'min_lon': 106.663, 'min_lat': 10.743, 'max_lon': 106.723, 'max_lat': 10.803}, type=drive
[2026-03-02 02:50:08] INFO     data_pipeline.OSMExtractor | Extracted 5462 nodes, 12285 edges
[2026-03-02 02:50:09] INFO     data_pipeline.OSMTransformer | Transformed 5462 dim_node records
[2026-03-02 02:50:09] INFO     data_pipeline.OSMTransformer | Transformed 1720 dim_road records
[2026-03-02 02:50:11] INFO     data_pipeline.OSMTransformer | Transformed 4761 dim_way, 12285 dim_segment records
[2026-03-02 02:50:11] INFO     data_pipeline.NodeLoader | Batch 1: upserted 1000 rows (raw SQL)
[2026-03-02 02:50:12] INFO     data_pipeline.NodeLoader | Batch 2: upserted 1000 rows (raw SQL)
[2026-03-02 02:50:12] INFO     data_pipeline.NodeLoader | Batch 3: upserted 1000 rows (raw SQL)
[2026-03-02 02:50:12] INFO     data_pipeline.NodeLoader | Batch 4: upserted 1000 rows (raw SQL)
[2026-03-02 02:50:13] INFO     data_pipeline.NodeLoader | Batch 5: upserted 1000 rows (raw SQL)
[2026-03-02 02:50:13] INFO     data_pipeline.NodeLoader | Batch 6: upserted 462 rows (raw SQL)
[2026-03-02 02:50:13] INFO     data_pipeline.osm_pipeline | Loaded 5462 records → dim_node
[2026-03-02 02:50:13] INFO     data_pipeline.RoadLoader | Batch 1: upserted 200/200 rows
[2026-03-02 02:50:13] INFO     data_pipeline.RoadLoader | Batch 2: upserted 200/200 rows
[2026-03-02 02:50:13] INFO     data_pipeline.RoadLoader | Batch 3: upserted 200/200 rows
[2026-03-02 02:50:13] INFO     data_pipeline.RoadLoader | Batch 4: upserted 200/200 rows
[2026-03-02 02:50:13] INFO     data_pipeline.RoadLoader | Batch 5: upserted 200/200 rows
[2026-03-02 02:50:13] INFO     data_pipeline.RoadLoader | Batch 6: upserted 200/200 rows
[2026-03-02 02:50:13] INFO     data_pipeline.RoadLoader | Batch 7: upserted 200/200 rows
[2026-03-02 02:50:13] INFO     data_pipeline.RoadLoader | Batch 8: upserted 200/200 rows
[2026-03-02 02:50:13] INFO     data_pipeline.RoadLoader | Batch 9: upserted 120/120 rows
[2026-03-02 02:50:13] INFO     data_pipeline.osm_pipeline | Loaded 1720 records → dim_road
[2026-03-02 02:50:13] INFO     data_pipeline.WayLoader | Batch 1: upserted 500/500 rows
[2026-03-02 02:50:13] INFO     data_pipeline.WayLoader | Batch 2: upserted 500/500 rows
[2026-03-02 02:50:14] INFO     data_pipeline.WayLoader | Batch 3: upserted 500/500 rows
[2026-03-02 02:50:14] INFO     data_pipeline.WayLoader | Batch 4: upserted 500/500 rows
[2026-03-02 02:50:14] INFO     data_pipeline.WayLoader | Batch 5: upserted 500/500 rows
[2026-03-02 02:50:14] INFO     data_pipeline.WayLoader | Batch 6: upserted 500/500 rows
[2026-03-02 02:50:14] INFO     data_pipeline.WayLoader | Batch 7: upserted 500/500 rows
[2026-03-02 02:50:14] INFO     data_pipeline.WayLoader | Batch 8: upserted 500/500 rows
[2026-03-02 02:50:14] INFO     data_pipeline.WayLoader | Batch 9: upserted 500/500 rows
[2026-03-02 02:50:14] INFO     data_pipeline.WayLoader | Batch 10: upserted 261/261 rows
[2026-03-02 02:50:14] INFO     data_pipeline.osm_pipeline | Loaded 4761 records → dim_way
[2026-03-02 02:50:15] INFO     data_pipeline.SegmentLoader | Batch 1: upserted 500 rows (raw SQL)
[2026-03-02 02:50:15] INFO     data_pipeline.SegmentLoader | Batch 2: upserted 500 rows (raw SQL)
[2026-03-02 02:50:15] INFO     data_pipeline.SegmentLoader | Batch 3: upserted 500 rows (raw SQL)
[2026-03-02 02:50:15] INFO     data_pipeline.SegmentLoader | Batch 4: upserted 500 rows (raw SQL)
[2026-03-02 02:50:16] INFO     data_pipeline.SegmentLoader | Batch 5: upserted 500 rows (raw SQL)
[2026-03-02 02:50:16] INFO     data_pipeline.SegmentLoader | Batch 6: upserted 500 rows (raw SQL)
[2026-03-02 02:50:16] INFO     data_pipeline.SegmentLoader | Batch 7: upserted 500 rows (raw SQL)
[2026-03-02 02:50:16] INFO     data_pipeline.SegmentLoader | Batch 8: upserted 500 rows (raw SQL)
[2026-03-02 02:50:16] INFO     data_pipeline.SegmentLoader | Batch 9: upserted 500 rows (raw SQL)
[2026-03-02 02:50:17] INFO     data_pipeline.SegmentLoader | Batch 10: upserted 500 rows (raw SQL)
[2026-03-02 02:50:16] INFO     data_pipeline.SegmentLoader | Batch 11: upserted 500 rows (raw SQL)
[2026-03-02 02:50:16] INFO     data_pipeline.SegmentLoader | Batch 12: upserted 500 rows (raw SQL)
[2026-03-02 02:50:16] INFO     data_pipeline.SegmentLoader | Batch 13: upserted 500 rows (raw SQL)
[2026-03-02 02:50:16] INFO     data_pipeline.SegmentLoader | Batch 14: upserted 500 rows (raw SQL)
[2026-03-02 02:50:16] INFO     data_pipeline.SegmentLoader | Batch 15: upserted 500 rows (raw SQL)
[2026-03-02 02:50:16] INFO     data_pipeline.SegmentLoader | Batch 16: upserted 500 rows (raw SQL)
[2026-03-02 02:50:17] INFO     data_pipeline.SegmentLoader | Batch 17: upserted 500 rows (raw SQL)
[2026-03-02 02:50:17] INFO     data_pipeline.SegmentLoader | Batch 18: upserted 500 rows (raw SQL)
[2026-03-02 02:50:17] INFO     data_pipeline.SegmentLoader | Batch 19: upserted 500 rows (raw SQL)
[2026-03-02 02:50:17] INFO     data_pipeline.SegmentLoader | Batch 20: upserted 500 rows (raw SQL)
[2026-03-02 02:50:17] INFO     data_pipeline.SegmentLoader | Batch 21: upserted 500 rows (raw SQL)
[2026-03-02 02:50:18] INFO     data_pipeline.SegmentLoader | Batch 22: upserted 500 rows (raw SQL)
[2026-03-02 02:50:18] INFO     data_pipeline.SegmentLoader | Batch 23: upserted 500 rows (raw SQL)
[2026-03-02 02:50:18] INFO     data_pipeline.SegmentLoader | Batch 24: upserted 500 rows (raw SQL)
[2026-03-02 02:50:18] INFO     data_pipeline.SegmentLoader | Batch 25: upserted 285 rows (raw SQL)
[2026-03-02 02:50:18] INFO     data_pipeline.osm_pipeline | Loaded 12285 records → dim_segment
[2026-03-02 02:50:18] INFO     data_pipeline.main | [run-spatial] osm_pipeline: 24228 records
[2026-03-02 02:50:18] INFO     data_pipeline.WeatherExtractor | Extracting weather for (10.7764, 106.7011)
[2026-03-02 02:50:18] DEBUG    data_pipeline.WeatherExtractor | GET https://api.openweathermap.org/data/2.5/weather params={'lat': 10.7764, 'lon': 106.7011, 'appid': '3ffe1f60270c3ea6568764bae7c95bc3', 'units': 'metric'}
[2026-03-02 02:50:19] INFO     data_pipeline.weather_pipeline | Extracted weather data from OpenWeatherMap
[2026-03-02 02:50:19] INFO     data_pipeline.WeatherTransformer | Transformed weather: id=500, category=Rain, severity=3
[2026-03-02 02:52:29] INFO     data_pipeline.database | SQLAlchemy Engine created
[2026-03-02 02:52:29] INFO     data_pipeline.WeatherExtractor | Extracting weather for (10.7764, 106.7011)
[2026-03-02 02:52:29] DEBUG    data_pipeline.WeatherExtractor | GET https://api.openweathermap.org/data/2.5/weather params={'lat': 10.7764, 'lon': 106.7011, 'appid': '3ffe1f60270c3ea6568764bae7c95bc3', 'units': 'metric'}
[2026-03-02 02:52:30] INFO     data_pipeline.weather_pipeline | Extracted weather data from OpenWeatherMap
[2026-03-02 02:52:30] INFO     data_pipeline.WeatherTransformer | Transformed weather: id=500, category=Rain, severity=3
[2026-03-02 02:52:30] INFO     data_pipeline.WeatherLoader | Batch 1: upserted 1/1 rows
[2026-03-02 02:52:30] INFO     data_pipeline.weather_pipeline | Loaded 1 records → dim_weather
[2026-03-02 02:52:30] INFO     data_pipeline.main | [run-realtime] weather_pipeline: weather_key=500
[2026-03-02 02:52:30] INFO     data_pipeline.main | [run-realtime] Loaded 25 segment points from DB
[2026-03-02 02:52:30] INFO     data_pipeline.TrafficExtractor | Extracting traffic flow for 25 segments
[2026-03-02 02:52:30] DEBUG    data_pipeline.TrafficExtractor | GET https://api.tomtom.com/traffic/services/4/flowSegmentData/absolute/10/json params={'key': 'nYiEtOLKFLyDntCB7Lyb8O8pzaiV6eWx', 'point': '10.769843,106.709304', 'unit': 'KMPH'}
[2026-03-02 02:52:32] DEBUG    data_pipeline.TrafficExtractor | GET https://api.tomtom.com/traffic/services/4/flowSegmentData/absolute/10/json params={'key': 'nYiEtOLKFLyDntCB7Lyb8O8pzaiV6eWx', 'point': '10.769724,106.709129', 'unit': 'KMPH'}
[2026-03-02 02:52:32] DEBUG    data_pipeline.TrafficExtractor | GET https://api.tomtom.com/traffic/services/4/flowSegmentData/absolute/10/json params={'key': 'nYiEtOLKFLyDntCB7Lyb8O8pzaiV6eWx', 'point': '10.750745,106.702145', 'unit': 'KMPH'}
[2026-03-02 02:52:33] DEBUG    data_pipeline.TrafficExtractor | GET https://api.tomtom.com/traffic/services/4/flowSegmentData/absolute/10/json params={'key': 'nYiEtOLKFLyDntCB7Lyb8O8pzaiV6eWx', 'point': '10.750944,106.702217', 'unit': 'KMPH'}
[2026-03-02 02:52:33] DEBUG    data_pipeline.TrafficExtractor | GET https://api.tomtom.com/traffic/services/4/flowSegmentData/absolute/10/json params={'key': 'nYiEtOLKFLyDntCB7Lyb8O8pzaiV6eWx', 'point': '10.788275,106.68266', 'unit': 'KMPH'}
[2026-03-02 02:52:33] DEBUG    data_pipeline.TrafficExtractor | GET https://api.tomtom.com/traffic/services/4/flowSegmentData/absolute/10/json params={'key': 'nYiEtOLKFLyDntCB7Lyb8O8pzaiV6eWx', 'point': '10.788275,106.68266', 'unit': 'KMPH'}
[2026-03-02 02:52:34] DEBUG    data_pipeline.TrafficExtractor | GET https://api.tomtom.com/traffic/services/4/flowSegmentData/absolute/10/json params={'key': 'nYiEtOLKFLyDntCB7Lyb8O8pzaiV6eWx', 'point': '10.785458,106.718521', 'unit': 'KMPH'}
[2026-03-02 02:52:34] DEBUG    data_pipeline.TrafficExtractor | GET https://api.tomtom.com/traffic/services/4/flowSegmentData/absolute/10/json params={'key': 'nYiEtOLKFLyDntCB7Lyb8O8pzaiV6eWx', 'point': '10.760899,106.695419', 'unit': 'KMPH'}
[2026-03-02 02:52:34] DEBUG    data_pipeline.TrafficExtractor | GET https://api.tomtom.com/traffic/services/4/flowSegmentData/absolute/10/json params={'key': 'nYiEtOLKFLyDntCB7Lyb8O8pzaiV6eWx', 'point': '10.761006,106.695351', 'unit': 'KMPH'}
[2026-03-02 02:52:35] DEBUG    data_pipeline.TrafficExtractor | GET https://api.tomtom.com/traffic/services/4/flowSegmentData/absolute/10/json params={'key': 'nYiEtOLKFLyDntCB7Lyb8O8pzaiV6eWx', 'point': '10.765608,106.714884', 'unit': 'KMPH'}
[2026-03-02 02:52:35] DEBUG    data_pipeline.TrafficExtractor | GET https://api.tomtom.com/traffic/services/4/flowSegmentData/absolute/10/json params={'key': 'nYiEtOLKFLyDntCB7Lyb8O8pzaiV6eWx', 'point': '10.765608,106.714884', 'unit': 'KMPH'}
[2026-03-02 02:52:35] DEBUG    data_pipeline.TrafficExtractor | GET https://api.tomtom.com/traffic/services/4/flowSegmentData/absolute/10/json params={'key': 'nYiEtOLKFLyDntCB7Lyb8O8pzaiV6eWx', 'point': '10.757306,106.714266', 'unit': 'KMPH'}
[2026-03-02 02:52:36] DEBUG    data_pipeline.TrafficExtractor | GET https://api.tomtom.com/traffic/services/4/flowSegmentData/absolute/10/json params={'key': 'nYiEtOLKFLyDntCB7Lyb8O8pzaiV6eWx', 'point': '10.757306,106.714266', 'unit': 'KMPH'}
[2026-03-02 02:52:36] DEBUG    data_pipeline.TrafficExtractor | GET https://api.tomtom.com/traffic/services/4/flowSegmentData/absolute/10/json params={'key': 'nYiEtOLKFLyDntCB7Lyb8O8pzaiV6eWx', 'point': '10.756565,106.689692', 'unit': 'KMPH'}
[2026-03-02 02:52:36] DEBUG    data_pipeline.TrafficExtractor | GET https://api.tomtom.com/traffic/services/4/flowSegmentData/absolute/10/json params={'key': 'nYiEtOLKFLyDntCB7Lyb8O8pzaiV6eWx', 'point': '10.758668,106.715012', 'unit': 'KMPH'}
[2026-03-02 02:52:37] DEBUG    data_pipeline.TrafficExtractor | GET https://api.tomtom.com/traffic/services/4/flowSegmentData/absolute/10/json params={'key': 'nYiEtOLKFLyDntCB7Lyb8O8pzaiV6eWx', 'point': '10.752241,106.680523', 'unit': 'KMPH'}
[2026-03-02 02:52:37] DEBUG    data_pipeline.TrafficExtractor | GET https://api.tomtom.com/traffic/services/4/flowSegmentData/absolute/10/json params={'key': 'nYiEtOLKFLyDntCB7Lyb8O8pzaiV6eWx', 'point': '10.752122,106.680522', 'unit': 'KMPH'}
[2026-03-02 02:52:37] DEBUG    data_pipeline.TrafficExtractor | GET https://api.tomtom.com/traffic/services/4/flowSegmentData/absolute/10/json params={'key': 'nYiEtOLKFLyDntCB7Lyb8O8pzaiV6eWx', 'point': '10.770978,106.713589', 'unit': 'KMPH'}
[2026-03-02 02:52:38] DEBUG    data_pipeline.TrafficExtractor | GET https://api.tomtom.com/traffic/services/4/flowSegmentData/absolute/10/json params={'key': 'nYiEtOLKFLyDntCB7Lyb8O8pzaiV6eWx', 'point': '10.7935,106.695651', 'unit': 'KMPH'}
[2026-03-02 02:52:38] DEBUG    data_pipeline.TrafficExtractor | GET https://api.tomtom.com/traffic/services/4/flowSegmentData/absolute/10/json params={'key': 'nYiEtOLKFLyDntCB7Lyb8O8pzaiV6eWx', 'point': '10.7935,106.695651', 'unit': 'KMPH'}
[2026-03-02 02:52:38] DEBUG    data_pipeline.TrafficExtractor | GET https://api.tomtom.com/traffic/services/4/flowSegmentData/absolute/10/json params={'key': 'nYiEtOLKFLyDntCB7Lyb8O8pzaiV6eWx', 'point': '10.772413,106.719715', 'unit': 'KMPH'}
[2026-03-02 02:52:39] DEBUG    data_pipeline.TrafficExtractor | GET https://api.tomtom.com/traffic/services/4/flowSegmentData/absolute/10/json params={'key': 'nYiEtOLKFLyDntCB7Lyb8O8pzaiV6eWx', 'point': '10.799312,106.706493', 'unit': 'KMPH'}
[2026-03-02 02:52:37] DEBUG    data_pipeline.TrafficExtractor | GET https://api.tomtom.com/traffic/services/4/flowSegmentData/absolute/10/json params={'key': 'nYiEtOLKFLyDntCB7Lyb8O8pzaiV6eWx', 'point': '10.79927,106.706523', 'unit': 'KMPH'}
[2026-03-02 02:52:38] DEBUG    data_pipeline.TrafficExtractor | GET https://api.tomtom.com/traffic/services/4/flowSegmentData/absolute/10/json params={'key': 'nYiEtOLKFLyDntCB7Lyb8O8pzaiV6eWx', 'point': '10.750527,106.666448', 'unit': 'KMPH'}
[2026-03-02 02:52:38] DEBUG    data_pipeline.TrafficExtractor | GET https://api.tomtom.com/traffic/services/4/flowSegmentData/absolute/10/json params={'key': 'nYiEtOLKFLyDntCB7Lyb8O8pzaiV6eWx', 'point': '10.799392,106.706301', 'unit': 'KMPH'}
[2026-03-02 02:52:38] INFO     data_pipeline.TrafficExtractor | Extracted 25/25 responses
[2026-03-02 02:52:38] INFO     data_pipeline.traffic_pipeline | Extracted 25 raw responses
[2026-03-02 02:52:38] INFO     data_pipeline.TrafficTransformer | Transformed 25 fact_traffic_flow records
[2026-03-02 02:52:38] INFO     data_pipeline.traffic_pipeline | Transformed 25 records
[2026-03-02 02:52:38] INFO     data_pipeline.TrafficLoader | Ensured partition fact_traffic_flow_202603
[2026-03-02 02:52:39] INFO     data_pipeline.TrafficLoader | Batch 1: upserted 25/25 rows
[2026-03-02 02:52:39] INFO     data_pipeline.traffic_pipeline | Loaded 25 records → fact_traffic_flow
[2026-03-02 02:52:39] INFO     data_pipeline.main | [run-realtime] traffic_pipeline: 25 records
[2026-03-02 02:52:39] INFO     data_pipeline.IncidentExtractor | Extracting incidents for bbox: 10.743,106.663,10.803,106.723
[2026-03-02 02:52:39] DEBUG    data_pipeline.IncidentExtractor | GET https://api.tomtom.com/traffic/services/5/incidentDetails params={'key': 'nYiEtOLKFLyDntCB7Lyb8O8pzaiV6eWx', 'bbox': '10.743,106.663,10.803,106.723', 'fields': '{incidents{type,geometry{type,coordinates},properties{id,iconCategory,magnitudeOfDelay,startTime,endTime,from,to,delay,length}}}', 'language': 'en-US', 'timeValidityFilter': 'present'}
[2026-03-02 02:52:39] INFO     data_pipeline.incident_pipeline | Extracted incidents from TomTom
[2026-03-02 02:52:39] INFO     data_pipeline.IncidentTransformer | Transformed 0 fact_incident records
[2026-03-02 02:52:39] INFO     data_pipeline.incident_pipeline | Transformed 0 records
[2026-03-02 02:52:39] INFO     data_pipeline.incident_pipeline | Loaded 0 records → fact_incident
[2026-03-02 02:52:39] INFO     data_pipeline.main | [run-realtime] incident_pipeline: 0 records
[2026-03-02 02:56:28] INFO     data_pipeline.database | SQLAlchemy Engine created
[2026-03-02 02:56:29] INFO     data_pipeline.WeatherExtractor | Extracting weather for (10.7764, 106.7011)
[2026-03-02 02:56:29] DEBUG    data_pipeline.WeatherExtractor | GET https://api.openweathermap.org/data/2.5/weather params={'lat': 10.7764, 'lon': 106.7011, 'appid': '3ffe1f60270c3ea6568764bae7c95bc3', 'units': 'metric'}
[2026-03-02 02:56:29] INFO     data_pipeline.weather_pipeline | Extracted weather data from OpenWeatherMap
[2026-03-02 02:56:29] INFO     data_pipeline.WeatherTransformer | Transformed weather: id=500, category=Rain, severity=3
[2026-03-02 02:56:29] INFO     data_pipeline.WeatherLoader | Batch 1: upserted 1/1 rows
[2026-03-02 02:56:29] INFO     data_pipeline.weather_pipeline | Loaded 1 records → dim_weather
[2026-03-02 02:56:29] INFO     data_pipeline.main | [run-realtime] weather_pipeline: weather_key=500
[2026-03-02 02:56:29] INFO     data_pipeline.main | [run-realtime] Loaded 25 segment points from DB
[2026-03-02 02:56:29] INFO     data_pipeline.TrafficExtractor | Extracting traffic flow for 25 segments
[2026-03-02 02:56:29] DEBUG    data_pipeline.TrafficExtractor | GET https://api.tomtom.com/traffic/services/4/flowSegmentData/absolute/10/json params={'key': 'nYiEtOLKFLyDntCB7Lyb8O8pzaiV6eWx', 'point': '10.769843,106.709304', 'unit': 'KMPH'}
[2026-03-02 02:56:31] DEBUG    data_pipeline.TrafficExtractor | GET https://api.tomtom.com/traffic/services/4/flowSegmentData/absolute/10/json params={'key': 'nYiEtOLKFLyDntCB7Lyb8O8pzaiV6eWx', 'point': '10.769724,106.709129', 'unit': 'KMPH'}
[2026-03-02 02:56:31] DEBUG    data_pipeline.TrafficExtractor | GET https://api.tomtom.com/traffic/services/4/flowSegmentData/absolute/10/json params={'key': 'nYiEtOLKFLyDntCB7Lyb8O8pzaiV6eWx', 'point': '10.750745,106.702145', 'unit': 'KMPH'}
[2026-03-02 02:56:31] DEBUG    data_pipeline.TrafficExtractor | GET https://api.tomtom.com/traffic/services/4/flowSegmentData/absolute/10/json params={'key': 'nYiEtOLKFLyDntCB7Lyb8O8pzaiV6eWx', 'point': '10.750944,106.702217', 'unit': 'KMPH'}
[2026-03-02 02:56:32] DEBUG    data_pipeline.TrafficExtractor | GET https://api.tomtom.com/traffic/services/4/flowSegmentData/absolute/10/json params={'key': 'nYiEtOLKFLyDntCB7Lyb8O8pzaiV6eWx', 'point': '10.788275,106.68266', 'unit': 'KMPH'}
[2026-03-02 02:56:32] DEBUG    data_pipeline.TrafficExtractor | GET https://api.tomtom.com/traffic/services/4/flowSegmentData/absolute/10/json params={'key': 'nYiEtOLKFLyDntCB7Lyb8O8pzaiV6eWx', 'point': '10.788275,106.68266', 'unit': 'KMPH'}
[2026-03-02 02:56:32] DEBUG    data_pipeline.TrafficExtractor | GET https://api.tomtom.com/traffic/services/4/flowSegmentData/absolute/10/json params={'key': 'nYiEtOLKFLyDntCB7Lyb8O8pzaiV6eWx', 'point': '10.785458,106.718521', 'unit': 'KMPH'}
[2026-03-02 02:56:33] DEBUG    data_pipeline.TrafficExtractor | GET https://api.tomtom.com/traffic/services/4/flowSegmentData/absolute/10/json params={'key': 'nYiEtOLKFLyDntCB7Lyb8O8pzaiV6eWx', 'point': '10.760899,106.695419', 'unit': 'KMPH'}
[2026-03-02 02:56:34] DEBUG    data_pipeline.TrafficExtractor | GET https://api.tomtom.com/traffic/services/4/flowSegmentData/absolute/10/json params={'key': 'nYiEtOLKFLyDntCB7Lyb8O8pzaiV6eWx', 'point': '10.761006,106.695351', 'unit': 'KMPH'}
[2026-03-02 02:56:34] DEBUG    data_pipeline.TrafficExtractor | GET https://api.tomtom.com/traffic/services/4/flowSegmentData/absolute/10/json params={'key': 'nYiEtOLKFLyDntCB7Lyb8O8pzaiV6eWx', 'point': '10.765608,106.714884', 'unit': 'KMPH'}
[2026-03-02 02:56:34] DEBUG    data_pipeline.TrafficExtractor | GET https://api.tomtom.com/traffic/services/4/flowSegmentData/absolute/10/json params={'key': 'nYiEtOLKFLyDntCB7Lyb8O8pzaiV6eWx', 'point': '10.765608,106.714884', 'unit': 'KMPH'}
[2026-03-02 02:56:35] DEBUG    data_pipeline.TrafficExtractor | GET https://api.tomtom.com/traffic/services/4/flowSegmentData/absolute/10/json params={'key': 'nYiEtOLKFLyDntCB7Lyb8O8pzaiV6eWx', 'point': '10.757306,106.714266', 'unit': 'KMPH'}
[2026-03-02 02:56:35] DEBUG    data_pipeline.TrafficExtractor | GET https://api.tomtom.com/traffic/services/4/flowSegmentData/absolute/10/json params={'key': 'nYiEtOLKFLyDntCB7Lyb8O8pzaiV6eWx', 'point': '10.757306,106.714266', 'unit': 'KMPH'}
[2026-03-02 02:56:35] DEBUG    data_pipeline.TrafficExtractor | GET https://api.tomtom.com/traffic/services/4/flowSegmentData/absolute/10/json params={'key': 'nYiEtOLKFLyDntCB7Lyb8O8pzaiV6eWx', 'point': '10.756565,106.689692', 'unit': 'KMPH'}
[2026-03-02 02:56:35] DEBUG    data_pipeline.TrafficExtractor | GET https://api.tomtom.com/traffic/services/4/flowSegmentData/absolute/10/json params={'key': 'nYiEtOLKFLyDntCB7Lyb8O8pzaiV6eWx', 'point': '10.758668,106.715012', 'unit': 'KMPH'}
[2026-03-02 02:56:36] DEBUG    data_pipeline.TrafficExtractor | GET https://api.tomtom.com/traffic/services/4/flowSegmentData/absolute/10/json params={'key': 'nYiEtOLKFLyDntCB7Lyb8O8pzaiV6eWx', 'point': '10.752241,106.680523', 'unit': 'KMPH'}
[2026-03-02 02:56:36] DEBUG    data_pipeline.TrafficExtractor | GET https://api.tomtom.com/traffic/services/4/flowSegmentData/absolute/10/json params={'key': 'nYiEtOLKFLyDntCB7Lyb8O8pzaiV6eWx', 'point': '10.752122,106.680522', 'unit': 'KMPH'}
[2026-03-02 02:56:36] DEBUG    data_pipeline.TrafficExtractor | GET https://api.tomtom.com/traffic/services/4/flowSegmentData/absolute/10/json params={'key': 'nYiEtOLKFLyDntCB7Lyb8O8pzaiV6eWx', 'point': '10.770978,106.713589', 'unit': 'KMPH'}
[2026-03-02 02:56:37] DEBUG    data_pipeline.TrafficExtractor | GET https://api.tomtom.com/traffic/services/4/flowSegmentData/absolute/10/json params={'key': 'nYiEtOLKFLyDntCB7Lyb8O8pzaiV6eWx', 'point': '10.7935,106.695651', 'unit': 'KMPH'}
[2026-03-02 02:56:37] DEBUG    data_pipeline.TrafficExtractor | GET https://api.tomtom.com/traffic/services/4/flowSegmentData/absolute/10/json params={'key': 'nYiEtOLKFLyDntCB7Lyb8O8pzaiV6eWx', 'point': '10.7935,106.695651', 'unit': 'KMPH'}
[2026-03-02 02:56:37] DEBUG    data_pipeline.TrafficExtractor | GET https://api.tomtom.com/traffic/services/4/flowSegmentData/absolute/10/json params={'key': 'nYiEtOLKFLyDntCB7Lyb8O8pzaiV6eWx', 'point': '10.772413,106.719715', 'unit': 'KMPH'}
[2026-03-02 02:56:37] DEBUG    data_pipeline.TrafficExtractor | GET https://api.tomtom.com/traffic/services/4/flowSegmentData/absolute/10/json params={'key': 'nYiEtOLKFLyDntCB7Lyb8O8pzaiV6eWx', 'point': '10.799312,106.706493', 'unit': 'KMPH'}
[2026-03-02 02:56:38] DEBUG    data_pipeline.TrafficExtractor | GET https://api.tomtom.com/traffic/services/4/flowSegmentData/absolute/10/json params={'key': 'nYiEtOLKFLyDntCB7Lyb8O8pzaiV6eWx', 'point': '10.79927,106.706523', 'unit': 'KMPH'}
[2026-03-02 02:56:38] DEBUG    data_pipeline.TrafficExtractor | GET https://api.tomtom.com/traffic/services/4/flowSegmentData/absolute/10/json params={'key': 'nYiEtOLKFLyDntCB7Lyb8O8pzaiV6eWx', 'point': '10.750527,106.666448', 'unit': 'KMPH'}
[2026-03-02 02:56:39] DEBUG    data_pipeline.TrafficExtractor | GET https://api.tomtom.com/traffic/services/4/flowSegmentData/absolute/10/json params={'key': 'nYiEtOLKFLyDntCB7Lyb8O8pzaiV6eWx', 'point': '10.799392,106.706301', 'unit': 'KMPH'}
[2026-03-02 02:56:39] INFO     data_pipeline.TrafficExtractor | Extracted 25/25 responses
[2026-03-02 02:56:39] INFO     data_pipeline.traffic_pipeline | Extracted 25 raw responses
[2026-03-02 02:56:39] INFO     data_pipeline.TrafficTransformer | Transformed 25 fact_traffic_flow records
[2026-03-02 02:56:39] INFO     data_pipeline.traffic_pipeline | Transformed 25 records
[2026-03-02 02:56:39] INFO     data_pipeline.TrafficLoader | Ensured partition fact_traffic_flow_202603
[2026-03-02 02:56:39] INFO     data_pipeline.TrafficLoader | Batch 1: upserted 25/25 rows
[2026-03-02 02:56:39] INFO     data_pipeline.traffic_pipeline | Loaded 25 records → fact_traffic_flow
[2026-03-02 02:56:39] INFO     data_pipeline.main | [run-realtime] traffic_pipeline: 25 records
[2026-03-02 02:56:39] INFO     data_pipeline.IncidentExtractor | Extracting incidents for bbox: 10.743,106.663,10.803,106.723
[2026-03-02 02:56:39] DEBUG    data_pipeline.IncidentExtractor | GET https://api.tomtom.com/traffic/services/5/incidentDetails params={'key': 'nYiEtOLKFLyDntCB7Lyb8O8pzaiV6eWx', 'bbox': '10.743,106.663,10.803,106.723', 'fields': '{incidents{type,geometry{type,coordinates},properties{id,iconCategory,magnitudeOfDelay,startTime,endTime,from,to,delay,length}}}', 'language': 'en-US', 'timeValidityFilter': 'present'}
[2026-03-02 02:56:40] INFO     data_pipeline.incident_pipeline | Extracted incidents from TomTom
[2026-03-02 02:56:40] INFO     data_pipeline.IncidentTransformer | Transformed 0 fact_incident records
[2026-03-02 02:56:40] INFO     data_pipeline.incident_pipeline | Transformed 0 records
[2026-03-02 02:56:40] INFO     data_pipeline.incident_pipeline | Loaded 0 records → fact_incident
[2026-03-02 02:56:40] INFO     data_pipeline.main | [run-realtime] incident_pipeline: 0 records
[2026-03-02 03:03:43] INFO     data_pipeline.database | SQLAlchemy Engine created
[2026-03-02 03:03:44] INFO     data_pipeline.WeatherExtractor | Extracting weather for (10.7764, 106.7011)
[2026-03-02 03:03:44] DEBUG    data_pipeline.WeatherExtractor | GET https://api.openweathermap.org/data/2.5/weather params={'lat': 10.7764, 'lon': 106.7011, 'appid': '3ffe1f60270c3ea6568764bae7c95bc3', 'units': 'metric'}
[2026-03-02 03:03:44] INFO     data_pipeline.weather_pipeline | Extracted weather data from OpenWeatherMap
[2026-03-02 03:03:44] INFO     data_pipeline.WeatherTransformer | Transformed weather: id=500, category=Rain, severity=3
[2026-03-02 03:03:45] INFO     data_pipeline.WeatherLoader | Batch 1: upserted 1/1 rows
[2026-03-02 03:03:45] INFO     data_pipeline.weather_pipeline | Loaded 1 records → dim_weather
[2026-03-02 03:03:45] INFO     data_pipeline.main | [run-realtime] weather_pipeline: weather_key=500
[2026-03-02 03:03:45] INFO     data_pipeline.main | [run-realtime] Loaded 25 segment points from DB
[2026-03-02 03:03:45] INFO     data_pipeline.TrafficExtractor | Extracting traffic flow for 25 segments
[2026-03-02 03:03:45] DEBUG    data_pipeline.TrafficExtractor | GET https://api.tomtom.com/traffic/services/4/flowSegmentData/absolute/10/json params={'key': 'nYiEtOLKFLyDntCB7Lyb8O8pzaiV6eWx', 'point': '10.769843,106.709304', 'unit': 'KMPH'}
[2026-03-02 03:03:46] DEBUG    data_pipeline.TrafficExtractor | GET https://api.tomtom.com/traffic/services/4/flowSegmentData/absolute/10/json params={'key': 'nYiEtOLKFLyDntCB7Lyb8O8pzaiV6eWx', 'point': '10.769724,106.709129', 'unit': 'KMPH'}
[2026-03-02 03:03:46] DEBUG    data_pipeline.TrafficExtractor | GET https://api.tomtom.com/traffic/services/4/flowSegmentData/absolute/10/json params={'key': 'nYiEtOLKFLyDntCB7Lyb8O8pzaiV6eWx', 'point': '10.750745,106.702145', 'unit': 'KMPH'}
[2026-03-02 03:03:46] DEBUG    data_pipeline.TrafficExtractor | GET https://api.tomtom.com/traffic/services/4/flowSegmentData/absolute/10/json params={'key': 'nYiEtOLKFLyDntCB7Lyb8O8pzaiV6eWx', 'point': '10.750944,106.702217', 'unit': 'KMPH'}
[2026-03-02 03:03:47] DEBUG    data_pipeline.TrafficExtractor | GET https://api.tomtom.com/traffic/services/4/flowSegmentData/absolute/10/json params={'key': 'nYiEtOLKFLyDntCB7Lyb8O8pzaiV6eWx', 'point': '10.788275,106.68266', 'unit': 'KMPH'}
[2026-03-02 03:03:47] DEBUG    data_pipeline.TrafficExtractor | GET https://api.tomtom.com/traffic/services/4/flowSegmentData/absolute/10/json params={'key': 'nYiEtOLKFLyDntCB7Lyb8O8pzaiV6eWx', 'point': '10.788275,106.68266', 'unit': 'KMPH'}
[2026-03-02 03:03:47] DEBUG    data_pipeline.TrafficExtractor | GET https://api.tomtom.com/traffic/services/4/flowSegmentData/absolute/10/json params={'key': 'nYiEtOLKFLyDntCB7Lyb8O8pzaiV6eWx', 'point': '10.785458,106.718521', 'unit': 'KMPH'}
[2026-03-02 03:03:48] DEBUG    data_pipeline.TrafficExtractor | GET https://api.tomtom.com/traffic/services/4/flowSegmentData/absolute/10/json params={'key': 'nYiEtOLKFLyDntCB7Lyb8O8pzaiV6eWx', 'point': '10.760899,106.695419', 'unit': 'KMPH'}
[2026-03-02 03:03:48] DEBUG    data_pipeline.TrafficExtractor | GET https://api.tomtom.com/traffic/services/4/flowSegmentData/absolute/10/json params={'key': 'nYiEtOLKFLyDntCB7Lyb8O8pzaiV6eWx', 'point': '10.761006,106.695351', 'unit': 'KMPH'}
[2026-03-02 03:03:48] DEBUG    data_pipeline.TrafficExtractor | GET https://api.tomtom.com/traffic/services/4/flowSegmentData/absolute/10/json params={'key': 'nYiEtOLKFLyDntCB7Lyb8O8pzaiV6eWx', 'point': '10.765608,106.714884', 'unit': 'KMPH'}
[2026-03-02 03:03:48] DEBUG    data_pipeline.TrafficExtractor | GET https://api.tomtom.com/traffic/services/4/flowSegmentData/absolute/10/json params={'key': 'nYiEtOLKFLyDntCB7Lyb8O8pzaiV6eWx', 'point': '10.765608,106.714884', 'unit': 'KMPH'}
[2026-03-02 03:03:49] DEBUG    data_pipeline.TrafficExtractor | GET https://api.tomtom.com/traffic/services/4/flowSegmentData/absolute/10/json params={'key': 'nYiEtOLKFLyDntCB7Lyb8O8pzaiV6eWx', 'point': '10.757306,106.714266', 'unit': 'KMPH'}
[2026-03-02 03:03:49] DEBUG    data_pipeline.TrafficExtractor | GET https://api.tomtom.com/traffic/services/4/flowSegmentData/absolute/10/json params={'key': 'nYiEtOLKFLyDntCB7Lyb8O8pzaiV6eWx', 'point': '10.757306,106.714266', 'unit': 'KMPH'}
[2026-03-02 03:03:49] DEBUG    data_pipeline.TrafficExtractor | GET https://api.tomtom.com/traffic/services/4/flowSegmentData/absolute/10/json params={'key': 'nYiEtOLKFLyDntCB7Lyb8O8pzaiV6eWx', 'point': '10.756565,106.689692', 'unit': 'KMPH'}
[2026-03-02 03:03:50] DEBUG    data_pipeline.TrafficExtractor | GET https://api.tomtom.com/traffic/services/4/flowSegmentData/absolute/10/json params={'key': 'nYiEtOLKFLyDntCB7Lyb8O8pzaiV6eWx', 'point': '10.758668,106.715012', 'unit': 'KMPH'}
[2026-03-02 03:03:50] DEBUG    data_pipeline.TrafficExtractor | GET https://api.tomtom.com/traffic/services/4/flowSegmentData/absolute/10/json params={'key': 'nYiEtOLKFLyDntCB7Lyb8O8pzaiV6eWx', 'point': '10.752241,106.680523', 'unit': 'KMPH'}
[2026-03-02 03:03:50] DEBUG    data_pipeline.TrafficExtractor | GET https://api.tomtom.com/traffic/services/4/flowSegmentData/absolute/10/json params={'key': 'nYiEtOLKFLyDntCB7Lyb8O8pzaiV6eWx', 'point': '10.752122,106.680522', 'unit': 'KMPH'}
[2026-03-02 03:03:50] DEBUG    data_pipeline.TrafficExtractor | GET https://api.tomtom.com/traffic/services/4/flowSegmentData/absolute/10/json params={'key': 'nYiEtOLKFLyDntCB7Lyb8O8pzaiV6eWx', 'point': '10.770978,106.713589', 'unit': 'KMPH'}
[2026-03-02 03:03:51] DEBUG    data_pipeline.TrafficExtractor | GET https://api.tomtom.com/traffic/services/4/flowSegmentData/absolute/10/json params={'key': 'nYiEtOLKFLyDntCB7Lyb8O8pzaiV6eWx', 'point': '10.7935,106.695651', 'unit': 'KMPH'}
[2026-03-02 03:03:51] DEBUG    data_pipeline.TrafficExtractor | GET https://api.tomtom.com/traffic/services/4/flowSegmentData/absolute/10/json params={'key': 'nYiEtOLKFLyDntCB7Lyb8O8pzaiV6eWx', 'point': '10.7935,106.695651', 'unit': 'KMPH'}
[2026-03-02 03:03:51] DEBUG    data_pipeline.TrafficExtractor | GET https://api.tomtom.com/traffic/services/4/flowSegmentData/absolute/10/json params={'key': 'nYiEtOLKFLyDntCB7Lyb8O8pzaiV6eWx', 'point': '10.772413,106.719715', 'unit': 'KMPH'}
[2026-03-02 03:03:52] DEBUG    data_pipeline.TrafficExtractor | GET https://api.tomtom.com/traffic/services/4/flowSegmentData/absolute/10/json params={'key': 'nYiEtOLKFLyDntCB7Lyb8O8pzaiV6eWx', 'point': '10.799312,106.706493', 'unit': 'KMPH'}
[2026-03-02 03:03:52] DEBUG    data_pipeline.TrafficExtractor | GET https://api.tomtom.com/traffic/services/4/flowSegmentData/absolute/10/json params={'key': 'nYiEtOLKFLyDntCB7Lyb8O8pzaiV6eWx', 'point': '10.79927,106.706523', 'unit': 'KMPH'}
[2026-03-02 03:03:52] DEBUG    data_pipeline.TrafficExtractor | GET https://api.tomtom.com/traffic/services/4/flowSegmentData/absolute/10/json params={'key': 'nYiEtOLKFLyDntCB7Lyb8O8pzaiV6eWx', 'point': '10.750527,106.666448', 'unit': 'KMPH'}
[2026-03-02 03:03:53] DEBUG    data_pipeline.TrafficExtractor | GET https://api.tomtom.com/traffic/services/4/flowSegmentData/absolute/10/json params={'key': 'nYiEtOLKFLyDntCB7Lyb8O8pzaiV6eWx', 'point': '10.799392,106.706301', 'unit': 'KMPH'}
[2026-03-02 03:03:53] INFO     data_pipeline.TrafficExtractor | Extracted 25/25 responses
[2026-03-02 03:03:53] INFO     data_pipeline.traffic_pipeline | Extracted 25 raw responses
[2026-03-02 03:03:53] INFO     data_pipeline.TrafficTransformer | Transformed 25 fact_traffic_flow records
[2026-03-02 03:03:53] INFO     data_pipeline.traffic_pipeline | Transformed 25 records
[2026-03-02 03:03:53] INFO     data_pipeline.TrafficLoader | Ensured partition fact_traffic_flow_202603
[2026-03-02 03:03:53] INFO     data_pipeline.TrafficLoader | Batch 1: upserted 25/25 rows
[2026-03-02 03:03:53] INFO     data_pipeline.traffic_pipeline | Loaded 25 records → fact_traffic_flow
[2026-03-02 03:03:53] INFO     data_pipeline.main | [run-realtime] traffic_pipeline: 25 records
[2026-03-02 03:03:53] INFO     data_pipeline.IncidentExtractor | Extracting incidents for bbox: 10.743,106.663,10.803,106.723
[2026-03-02 03:03:53] DEBUG    data_pipeline.IncidentExtractor | GET https://api.tomtom.com/traffic/services/5/incidentDetails params={'key': 'nYiEtOLKFLyDntCB7Lyb8O8pzaiV6eWx', 'bbox': '10.743,106.663,10.803,106.723', 'fields': '{incidents{type,geometry{type,coordinates},properties{id,iconCategory,magnitudeOfDelay,startTime,endTime,from,to,delay,length}}}', 'language': 'en-US', 'timeValidityFilter': 'present'}
[2026-03-02 03:03:54] INFO     data_pipeline.incident_pipeline | Extracted incidents from TomTom
[2026-03-02 03:03:54] INFO     data_pipeline.IncidentTransformer | Transformed 0 fact_incident records
[2026-03-02 03:03:54] INFO     data_pipeline.incident_pipeline | Transformed 0 records
[2026-03-02 03:03:54] INFO     data_pipeline.incident_pipeline | Loaded 0 records → fact_incident
[2026-03-02 03:03:54] INFO     data_pipeline.main | [run-realtime] incident_pipeline: 0 records
[2026-03-02 03:04:45] INFO     data_pipeline.database | SQLAlchemy Engine created
[2026-03-02 03:04:46] INFO     data_pipeline.WeatherExtractor | Extracting weather for (10.7764, 106.7011)
[2026-03-02 03:04:46] DEBUG    data_pipeline.WeatherExtractor | GET https://api.openweathermap.org/data/2.5/weather params={'lat': 10.7764, 'lon': 106.7011, 'appid': '3ffe1f60270c3ea6568764bae7c95bc3', 'units': 'metric', 'lang': 'vi'}
[2026-03-02 03:04:47] INFO     data_pipeline.weather_pipeline | Extracted weather data from OpenWeatherMap
[2026-03-02 03:04:47] INFO     data_pipeline.WeatherTransformer | Transformed weather: id=800, category=Clear, severity=0
[2026-03-02 03:04:47] INFO     data_pipeline.WeatherLoader | Batch 1: upserted 1/1 rows
[2026-03-02 03:04:47] INFO     data_pipeline.weather_pipeline | Loaded 1 records → dim_weather
[2026-03-02 03:04:47] INFO     data_pipeline.main | [run-realtime] weather_pipeline: weather_key=800
[2026-03-02 03:04:47] INFO     data_pipeline.main | [run-realtime] Loaded 25 segment points from DB
[2026-03-02 03:04:47] INFO     data_pipeline.TrafficExtractor | Extracting traffic flow for 25 segments
[2026-03-02 03:04:47] DEBUG    data_pipeline.TrafficExtractor | GET https://api.tomtom.com/traffic/services/4/flowSegmentData/absolute/10/json params={'key': 'nYiEtOLKFLyDntCB7Lyb8O8pzaiV6eWx', 'point': '10.769843,106.709304', 'unit': 'KMPH'}
[2026-03-02 03:04:48] DEBUG    data_pipeline.TrafficExtractor | GET https://api.tomtom.com/traffic/services/4/flowSegmentData/absolute/10/json params={'key': 'nYiEtOLKFLyDntCB7Lyb8O8pzaiV6eWx', 'point': '10.769724,106.709129', 'unit': 'KMPH'}
[2026-03-02 03:04:49] DEBUG    data_pipeline.TrafficExtractor | GET https://api.tomtom.com/traffic/services/4/flowSegmentData/absolute/10/json params={'key': 'nYiEtOLKFLyDntCB7Lyb8O8pzaiV6eWx', 'point': '10.750745,106.702145', 'unit': 'KMPH'}
[2026-03-02 03:04:49] DEBUG    data_pipeline.TrafficExtractor | GET https://api.tomtom.com/traffic/services/4/flowSegmentData/absolute/10/json params={'key': 'nYiEtOLKFLyDntCB7Lyb8O8pzaiV6eWx', 'point': '10.750944,106.702217', 'unit': 'KMPH'}
[2026-03-02 03:04:49] DEBUG    data_pipeline.TrafficExtractor | GET https://api.tomtom.com/traffic/services/4/flowSegmentData/absolute/10/json params={'key': 'nYiEtOLKFLyDntCB7Lyb8O8pzaiV6eWx', 'point': '10.788275,106.68266', 'unit': 'KMPH'}
[2026-03-02 03:04:49] DEBUG    data_pipeline.TrafficExtractor | GET https://api.tomtom.com/traffic/services/4/flowSegmentData/absolute/10/json params={'key': 'nYiEtOLKFLyDntCB7Lyb8O8pzaiV6eWx', 'point': '10.788275,106.68266', 'unit': 'KMPH'}
[2026-03-02 03:04:50] DEBUG    data_pipeline.TrafficExtractor | GET https://api.tomtom.com/traffic/services/4/flowSegmentData/absolute/10/json params={'key': 'nYiEtOLKFLyDntCB7Lyb8O8pzaiV6eWx', 'point': '10.785458,106.718521', 'unit': 'KMPH'}
[2026-03-02 03:04:50] DEBUG    data_pipeline.TrafficExtractor | GET https://api.tomtom.com/traffic/services/4/flowSegmentData/absolute/10/json params={'key': 'nYiEtOLKFLyDntCB7Lyb8O8pzaiV6eWx', 'point': '10.760899,106.695419', 'unit': 'KMPH'}
[2026-03-02 03:04:50] DEBUG    data_pipeline.TrafficExtractor | GET https://api.tomtom.com/traffic/services/4/flowSegmentData/absolute/10/json params={'key': 'nYiEtOLKFLyDntCB7Lyb8O8pzaiV6eWx', 'point': '10.761006,106.695351', 'unit': 'KMPH'}
[2026-03-02 03:04:51] DEBUG    data_pipeline.TrafficExtractor | GET https://api.tomtom.com/traffic/services/4/flowSegmentData/absolute/10/json params={'key': 'nYiEtOLKFLyDntCB7Lyb8O8pzaiV6eWx', 'point': '10.765608,106.714884', 'unit': 'KMPH'}
[2026-03-02 03:04:51] DEBUG    data_pipeline.TrafficExtractor | GET https://api.tomtom.com/traffic/services/4/flowSegmentData/absolute/10/json params={'key': 'nYiEtOLKFLyDntCB7Lyb8O8pzaiV6eWx', 'point': '10.765608,106.714884', 'unit': 'KMPH'}
[2026-03-02 03:04:51] DEBUG    data_pipeline.TrafficExtractor | GET https://api.tomtom.com/traffic/services/4/flowSegmentData/absolute/10/json params={'key': 'nYiEtOLKFLyDntCB7Lyb8O8pzaiV6eWx', 'point': '10.757306,106.714266', 'unit': 'KMPH'}
[2026-03-02 03:04:52] DEBUG    data_pipeline.TrafficExtractor | GET https://api.tomtom.com/traffic/services/4/flowSegmentData/absolute/10/json params={'key': 'nYiEtOLKFLyDntCB7Lyb8O8pzaiV6eWx', 'point': '10.757306,106.714266', 'unit': 'KMPH'}
[2026-03-02 03:04:52] DEBUG    data_pipeline.TrafficExtractor | GET https://api.tomtom.com/traffic/services/4/flowSegmentData/absolute/10/json params={'key': 'nYiEtOLKFLyDntCB7Lyb8O8pzaiV6eWx', 'point': '10.756565,106.689692', 'unit': 'KMPH'}
[2026-03-02 03:04:52] DEBUG    data_pipeline.TrafficExtractor | GET https://api.tomtom.com/traffic/services/4/flowSegmentData/absolute/10/json params={'key': 'nYiEtOLKFLyDntCB7Lyb8O8pzaiV6eWx', 'point': '10.758668,106.715012', 'unit': 'KMPH'}
[2026-03-02 03:04:52] DEBUG    data_pipeline.TrafficExtractor | GET https://api.tomtom.com/traffic/services/4/flowSegmentData/absolute/10/json params={'key': 'nYiEtOLKFLyDntCB7Lyb8O8pzaiV6eWx', 'point': '10.752241,106.680523', 'unit': 'KMPH'}
[2026-03-02 03:04:53] DEBUG    data_pipeline.TrafficExtractor | GET https://api.tomtom.com/traffic/services/4/flowSegmentData/absolute/10/json params={'key': 'nYiEtOLKFLyDntCB7Lyb8O8pzaiV6eWx', 'point': '10.752122,106.680522', 'unit': 'KMPH'}
[2026-03-02 03:04:53] DEBUG    data_pipeline.TrafficExtractor | GET https://api.tomtom.com/traffic/services/4/flowSegmentData/absolute/10/json params={'key': 'nYiEtOLKFLyDntCB7Lyb8O8pzaiV6eWx', 'point': '10.770978,106.713589', 'unit': 'KMPH'}
[2026-03-02 03:04:53] DEBUG    data_pipeline.TrafficExtractor | GET https://api.tomtom.com/traffic/services/4/flowSegmentData/absolute/10/json params={'key': 'nYiEtOLKFLyDntCB7Lyb8O8pzaiV6eWx', 'point': '10.7935,106.695651', 'unit': 'KMPH'}
[2026-03-02 03:04:54] DEBUG    data_pipeline.TrafficExtractor | GET https://api.tomtom.com/traffic/services/4/flowSegmentData/absolute/10/json params={'key': 'nYiEtOLKFLyDntCB7Lyb8O8pzaiV6eWx', 'point': '10.7935,106.695651', 'unit': 'KMPH'}
[2026-03-02 03:04:54] DEBUG    data_pipeline.TrafficExtractor | GET https://api.tomtom.com/traffic/services/4/flowSegmentData/absolute/10/json params={'key': 'nYiEtOLKFLyDntCB7Lyb8O8pzaiV6eWx', 'point': '10.772413,106.719715', 'unit': 'KMPH'}
[2026-03-02 03:04:54] DEBUG    data_pipeline.TrafficExtractor | GET https://api.tomtom.com/traffic/services/4/flowSegmentData/absolute/10/json params={'key': 'nYiEtOLKFLyDntCB7Lyb8O8pzaiV6eWx', 'point': '10.799312,106.706493', 'unit': 'KMPH'}
[2026-03-02 03:04:55] DEBUG    data_pipeline.TrafficExtractor | GET https://api.tomtom.com/traffic/services/4/flowSegmentData/absolute/10/json params={'key': 'nYiEtOLKFLyDntCB7Lyb8O8pzaiV6eWx', 'point': '10.79927,106.706523', 'unit': 'KMPH'}
[2026-03-02 03:04:55] DEBUG    data_pipeline.TrafficExtractor | GET https://api.tomtom.com/traffic/services/4/flowSegmentData/absolute/10/json params={'key': 'nYiEtOLKFLyDntCB7Lyb8O8pzaiV6eWx', 'point': '10.750527,106.666448', 'unit': 'KMPH'}
[2026-03-02 03:04:55] DEBUG    data_pipeline.TrafficExtractor | GET https://api.tomtom.com/traffic/services/4/flowSegmentData/absolute/10/json params={'key': 'nYiEtOLKFLyDntCB7Lyb8O8pzaiV6eWx', 'point': '10.799392,106.706301', 'unit': 'KMPH'}
[2026-03-02 03:04:56] INFO     data_pipeline.TrafficExtractor | Extracted 25/25 responses
[2026-03-02 03:04:56] INFO     data_pipeline.traffic_pipeline | Extracted 25 raw responses
[2026-03-02 03:04:56] INFO     data_pipeline.TrafficTransformer | Transformed 25 fact_traffic_flow records
[2026-03-02 03:04:56] INFO     data_pipeline.traffic_pipeline | Transformed 25 records
[2026-03-02 03:04:56] INFO     data_pipeline.TrafficLoader | Ensured partition fact_traffic_flow_202603
[2026-03-02 03:04:56] INFO     data_pipeline.TrafficLoader | Batch 1: upserted 25/25 rows
[2026-03-02 03:04:56] INFO     data_pipeline.traffic_pipeline | Loaded 25 records → fact_traffic_flow
[2026-03-02 03:04:56] INFO     data_pipeline.main | [run-realtime] traffic_pipeline: 25 records
[2026-03-02 03:04:56] INFO     data_pipeline.IncidentExtractor | Extracting incidents for bbox: 10.743,106.663,10.803,106.723
[2026-03-02 03:04:56] DEBUG    data_pipeline.IncidentExtractor | GET https://api.tomtom.com/traffic/services/5/incidentDetails params={'key': 'nYiEtOLKFLyDntCB7Lyb8O8pzaiV6eWx', 'bbox': '10.743,106.663,10.803,106.723', 'fields': '{incidents{type,geometry{type,coordinates},properties{id,iconCategory,magnitudeOfDelay,startTime,endTime,from,to,delay,length}}}', 'language': 'en-US', 'timeValidityFilter': 'present'}
[2026-03-02 03:04:57] INFO     data_pipeline.incident_pipeline | Extracted incidents from TomTom
[2026-03-02 03:04:56] INFO     data_pipeline.IncidentTransformer | Transformed 0 fact_incident records
[2026-03-02 03:04:56] INFO     data_pipeline.incident_pipeline | Transformed 0 records
[2026-03-02 03:04:56] INFO     data_pipeline.incident_pipeline | Loaded 0 records → fact_incident
[2026-03-02 03:04:56] INFO     data_pipeline.main | [run-realtime] incident_pipeline: 0 records
[2026-03-02 03:12:06] INFO     data_pipeline.database | SQLAlchemy Engine created
[2026-03-02 03:12:18] INFO     data_pipeline.database | SQLAlchemy Engine created
[2026-03-02 03:12:59] INFO     data_pipeline.database | SQLAlchemy Engine created
[2026-03-02 03:13:29] INFO     data_pipeline.database | SQLAlchemy Engine created
[2026-03-02 03:13:41] INFO     data_pipeline.database | SQLAlchemy Engine created
[2026-03-02 03:13:51] INFO     data_pipeline.database | SQLAlchemy Engine created
[2026-03-02 03:13:51] INFO     data_pipeline.WeatherExtractor | Extracting weather for (10.7764, 106.7011)
[2026-03-02 03:13:51] DEBUG    data_pipeline.WeatherExtractor | GET https://api.openweathermap.org/data/2.5/weather params={'lat': 10.7764, 'lon': 106.7011, 'appid': '3ffe1f60270c3ea6568764bae7c95bc3', 'units': 'metric', 'lang': 'vi'}
[2026-03-02 03:13:52] INFO     data_pipeline.weather_pipeline | Extracted weather data from OpenWeatherMap
[2026-03-02 03:13:52] INFO     data_pipeline.WeatherTransformer | Transformed weather: id=500, category=Rain, severity=3
[2026-03-02 03:13:52] INFO     data_pipeline.WeatherLoader | Batch 1: upserted 1/1 rows
[2026-03-02 03:13:52] INFO     data_pipeline.weather_pipeline | Loaded 1 records → dim_weather
[2026-03-02 03:13:52] INFO     data_pipeline.main | [run-realtime] weather_pipeline: weather_key=500
[2026-03-02 03:13:52] INFO     data_pipeline.main | [run-realtime] Loaded 25 segment points from DB
[2026-03-02 03:13:52] INFO     data_pipeline.TrafficExtractor | Extracting traffic flow for 25 segments
[2026-03-02 03:13:52] DEBUG    data_pipeline.TrafficExtractor | GET https://api.tomtom.com/traffic/services/4/flowSegmentData/absolute/10/json params={'key': 'nYiEtOLKFLyDntCB7Lyb8O8pzaiV6eWx', 'point': '10.769843,106.709304', 'unit': 'KMPH'}
[2026-03-02 03:13:53] DEBUG    data_pipeline.TrafficExtractor | GET https://api.tomtom.com/traffic/services/4/flowSegmentData/absolute/10/json params={'key': 'nYiEtOLKFLyDntCB7Lyb8O8pzaiV6eWx', 'point': '10.769724,106.709129', 'unit': 'KMPH'}
[2026-03-02 03:13:54] DEBUG    data_pipeline.TrafficExtractor | GET https://api.tomtom.com/traffic/services/4/flowSegmentData/absolute/10/json params={'key': 'nYiEtOLKFLyDntCB7Lyb8O8pzaiV6eWx', 'point': '10.750745,106.702145', 'unit': 'KMPH'}
[2026-03-02 03:13:54] DEBUG    data_pipeline.TrafficExtractor | GET https://api.tomtom.com/traffic/services/4/flowSegmentData/absolute/10/json params={'key': 'nYiEtOLKFLyDntCB7Lyb8O8pzaiV6eWx', 'point': '10.750944,106.702217', 'unit': 'KMPH'}
[2026-03-02 03:13:54] DEBUG    data_pipeline.TrafficExtractor | GET https://api.tomtom.com/traffic/services/4/flowSegmentData/absolute/10/json params={'key': 'nYiEtOLKFLyDntCB7Lyb8O8pzaiV6eWx', 'point': '10.788275,106.68266', 'unit': 'KMPH'}
[2026-03-02 03:13:55] DEBUG    data_pipeline.TrafficExtractor | GET https://api.tomtom.com/traffic/services/4/flowSegmentData/absolute/10/json params={'key': 'nYiEtOLKFLyDntCB7Lyb8O8pzaiV6eWx', 'point': '10.788275,106.68266', 'unit': 'KMPH'}
[2026-03-02 03:13:55] DEBUG    data_pipeline.TrafficExtractor | GET https://api.tomtom.com/traffic/services/4/flowSegmentData/absolute/10/json params={'key': 'nYiEtOLKFLyDntCB7Lyb8O8pzaiV6eWx', 'point': '10.785458,106.718521', 'unit': 'KMPH'}
[2026-03-02 03:13:55] DEBUG    data_pipeline.TrafficExtractor | GET https://api.tomtom.com/traffic/services/4/flowSegmentData/absolute/10/json params={'key': 'nYiEtOLKFLyDntCB7Lyb8O8pzaiV6eWx', 'point': '10.760899,106.695419', 'unit': 'KMPH'}
[2026-03-02 03:13:54] DEBUG    data_pipeline.TrafficExtractor | GET https://api.tomtom.com/traffic/services/4/flowSegmentData/absolute/10/json params={'key': 'nYiEtOLKFLyDntCB7Lyb8O8pzaiV6eWx', 'point': '10.761006,106.695351', 'unit': 'KMPH'}
[2026-03-02 03:13:54] DEBUG    data_pipeline.TrafficExtractor | GET https://api.tomtom.com/traffic/services/4/flowSegmentData/absolute/10/json params={'key': 'nYiEtOLKFLyDntCB7Lyb8O8pzaiV6eWx', 'point': '10.765608,106.714884', 'unit': 'KMPH'}
[2026-03-02 03:13:55] DEBUG    data_pipeline.TrafficExtractor | GET https://api.tomtom.com/traffic/services/4/flowSegmentData/absolute/10/json params={'key': 'nYiEtOLKFLyDntCB7Lyb8O8pzaiV6eWx', 'point': '10.765608,106.714884', 'unit': 'KMPH'}
[2026-03-02 03:13:55] DEBUG    data_pipeline.TrafficExtractor | GET https://api.tomtom.com/traffic/services/4/flowSegmentData/absolute/10/json params={'key': 'nYiEtOLKFLyDntCB7Lyb8O8pzaiV6eWx', 'point': '10.757306,106.714266', 'unit': 'KMPH'}
[2026-03-02 03:13:55] DEBUG    data_pipeline.TrafficExtractor | GET https://api.tomtom.com/traffic/services/4/flowSegmentData/absolute/10/json params={'key': 'nYiEtOLKFLyDntCB7Lyb8O8pzaiV6eWx', 'point': '10.757306,106.714266', 'unit': 'KMPH'}
[2026-03-02 03:13:56] DEBUG    data_pipeline.TrafficExtractor | GET https://api.tomtom.com/traffic/services/4/flowSegmentData/absolute/10/json params={'key': 'nYiEtOLKFLyDntCB7Lyb8O8pzaiV6eWx', 'point': '10.756565,106.689692', 'unit': 'KMPH'}
[2026-03-02 03:13:56] DEBUG    data_pipeline.TrafficExtractor | GET https://api.tomtom.com/traffic/services/4/flowSegmentData/absolute/10/json params={'key': 'nYiEtOLKFLyDntCB7Lyb8O8pzaiV6eWx', 'point': '10.758668,106.715012', 'unit': 'KMPH'}
[2026-03-02 03:13:56] DEBUG    data_pipeline.TrafficExtractor | GET https://api.tomtom.com/traffic/services/4/flowSegmentData/absolute/10/json params={'key': 'nYiEtOLKFLyDntCB7Lyb8O8pzaiV6eWx', 'point': '10.752241,106.680523', 'unit': 'KMPH'}
[2026-03-02 03:13:57] DEBUG    data_pipeline.TrafficExtractor | GET https://api.tomtom.com/traffic/services/4/flowSegmentData/absolute/10/json params={'key': 'nYiEtOLKFLyDntCB7Lyb8O8pzaiV6eWx', 'point': '10.752122,106.680522', 'unit': 'KMPH'}
[2026-03-02 03:13:57] DEBUG    data_pipeline.TrafficExtractor | GET https://api.tomtom.com/traffic/services/4/flowSegmentData/absolute/10/json params={'key': 'nYiEtOLKFLyDntCB7Lyb8O8pzaiV6eWx', 'point': '10.770978,106.713589', 'unit': 'KMPH'}
[2026-03-02 03:13:57] DEBUG    data_pipeline.TrafficExtractor | GET https://api.tomtom.com/traffic/services/4/flowSegmentData/absolute/10/json params={'key': 'nYiEtOLKFLyDntCB7Lyb8O8pzaiV6eWx', 'point': '10.7935,106.695651', 'unit': 'KMPH'}
[2026-03-02 03:13:57] DEBUG    data_pipeline.TrafficExtractor | GET https://api.tomtom.com/traffic/services/4/flowSegmentData/absolute/10/json params={'key': 'nYiEtOLKFLyDntCB7Lyb8O8pzaiV6eWx', 'point': '10.7935,106.695651', 'unit': 'KMPH'}
[2026-03-02 03:13:58] DEBUG    data_pipeline.TrafficExtractor | GET https://api.tomtom.com/traffic/services/4/flowSegmentData/absolute/10/json params={'key': 'nYiEtOLKFLyDntCB7Lyb8O8pzaiV6eWx', 'point': '10.772413,106.719715', 'unit': 'KMPH'}
[2026-03-02 03:13:58] DEBUG    data_pipeline.TrafficExtractor | GET https://api.tomtom.com/traffic/services/4/flowSegmentData/absolute/10/json params={'key': 'nYiEtOLKFLyDntCB7Lyb8O8pzaiV6eWx', 'point': '10.799312,106.706493', 'unit': 'KMPH'}
[2026-03-02 03:13:58] DEBUG    data_pipeline.TrafficExtractor | GET https://api.tomtom.com/traffic/services/4/flowSegmentData/absolute/10/json params={'key': 'nYiEtOLKFLyDntCB7Lyb8O8pzaiV6eWx', 'point': '10.79927,106.706523', 'unit': 'KMPH'}
[2026-03-02 03:13:59] DEBUG    data_pipeline.TrafficExtractor | GET https://api.tomtom.com/traffic/services/4/flowSegmentData/absolute/10/json params={'key': 'nYiEtOLKFLyDntCB7Lyb8O8pzaiV6eWx', 'point': '10.750527,106.666448', 'unit': 'KMPH'}
[2026-03-02 03:13:59] DEBUG    data_pipeline.TrafficExtractor | GET https://api.tomtom.com/traffic/services/4/flowSegmentData/absolute/10/json params={'key': 'nYiEtOLKFLyDntCB7Lyb8O8pzaiV6eWx', 'point': '10.799392,106.706301', 'unit': 'KMPH'}
[2026-03-02 03:13:59] INFO     data_pipeline.TrafficExtractor | Extracted 25/25 responses
[2026-03-02 03:13:59] INFO     data_pipeline.traffic_pipeline | Extracted 25 raw responses
[2026-03-02 03:13:59] INFO     data_pipeline.TrafficTransformer | Transformed 25 fact_traffic_flow records
[2026-03-02 03:13:59] INFO     data_pipeline.traffic_pipeline | Transformed 25 records
[2026-03-02 03:13:59] INFO     data_pipeline.TrafficLoader | Ensured partition fact_traffic_flow_202603
[2026-03-02 03:13:59] INFO     data_pipeline.TrafficLoader | Batch 1: upserted 25/25 rows
[2026-03-02 03:13:59] INFO     data_pipeline.traffic_pipeline | Loaded 25 records → fact_traffic_flow
[2026-03-02 03:13:59] INFO     data_pipeline.main | [run-realtime] traffic_pipeline: 25 records
[2026-03-02 03:14:00] INFO     data_pipeline.IncidentExtractor | Extracting incidents for bbox: 10.743,106.663,10.803,106.723
[2026-03-02 03:14:00] DEBUG    data_pipeline.IncidentExtractor | GET https://api.tomtom.com/traffic/services/5/incidentDetails params={'key': 'nYiEtOLKFLyDntCB7Lyb8O8pzaiV6eWx', 'bbox': '10.743,106.663,10.803,106.723', 'fields': '{incidents{type,geometry{type,coordinates},properties{id,iconCategory,magnitudeOfDelay,startTime,endTime,from,to,delay,length}}}', 'language': 'en-US', 'timeValidityFilter': 'present'}
[2026-03-02 03:14:00] INFO     data_pipeline.incident_pipeline | Extracted incidents from TomTom
[2026-03-02 03:14:00] INFO     data_pipeline.IncidentTransformer | Transformed 0 fact_incident records
[2026-03-02 03:14:00] INFO     data_pipeline.incident_pipeline | Transformed 0 records
[2026-03-02 03:14:00] INFO     data_pipeline.incident_pipeline | Loaded 0 records → fact_incident
[2026-03-02 03:14:00] INFO     data_pipeline.main | [run-realtime] incident_pipeline: 0 records
[2026-03-02 03:21:54] INFO     data_pipeline.database | SQLAlchemy Engine created
[2026-03-02 03:21:54] INFO     data_pipeline.DateTimeTransformer | Generated 48 dim_month_year rows
[2026-03-02 03:21:54] INFO     data_pipeline.DateTimeTransformer | Generated 7 dim_shift rows
[2026-03-02 03:21:54] INFO     data_pipeline.DateTimeTransformer | Generated 1461 dim_date rows
[2026-03-02 03:21:54] INFO     data_pipeline.DateTimeTransformer | Generated 1440 dim_time_of_day rows
[2026-03-02 03:21:54] INFO     data_pipeline.MonthYearLoader | Batch 1: upserted 0/48 rows
[2026-03-02 03:21:54] INFO     data_pipeline.date_time_pipeline | Loaded 0 records → dim_month_year
[2026-03-02 03:21:54] INFO     data_pipeline.ShiftLoader | Batch 1: upserted 3/7 rows
[2026-03-02 03:21:54] INFO     data_pipeline.date_time_pipeline | Loaded 3 records → dim_shift
[2026-03-02 03:21:54] WARNING  data_pipeline.DateLoader | Could not create partition dim_date_202401: (psycopg2.errors.InvalidObjectDefinition) "dim_date" is not partitioned

[SQL: CREATE TABLE IF NOT EXISTS dim_date_202401 PARTITION OF dim_date FOR VALUES FROM (20240101) TO (20240201)]
(Background on this error at: https://sqlalche.me/e/20/f405)
[2026-03-02 03:21:54] WARNING  data_pipeline.DateLoader | Could not create partition dim_date_202402: (psycopg2.errors.InvalidObjectDefinition) "dim_date" is not partitioned

[SQL: CREATE TABLE IF NOT EXISTS dim_date_202402 PARTITION OF dim_date FOR VALUES FROM (20240201) TO (20240301)]
(Background on this error at: https://sqlalche.me/e/20/f405)
[2026-03-02 03:21:54] WARNING  data_pipeline.DateLoader | Could not create partition dim_date_202403: (psycopg2.errors.InvalidObjectDefinition) "dim_date" is not partitioned

[SQL: CREATE TABLE IF NOT EXISTS dim_date_202403 PARTITION OF dim_date FOR VALUES FROM (20240301) TO (20240401)]
(Background on this error at: https://sqlalche.me/e/20/f405)
[2026-03-02 03:21:54] WARNING  data_pipeline.DateLoader | Could not create partition dim_date_202404: (psycopg2.errors.InvalidObjectDefinition) "dim_date" is not partitioned

[SQL: CREATE TABLE IF NOT EXISTS dim_date_202404 PARTITION OF dim_date FOR VALUES FROM (20240401) TO (20240501)]
(Background on this error at: https://sqlalche.me/e/20/f405)
[2026-03-02 03:21:54] WARNING  data_pipeline.DateLoader | Could not create partition dim_date_202405: (psycopg2.errors.InvalidObjectDefinition) "dim_date" is not partitioned

[SQL: CREATE TABLE IF NOT EXISTS dim_date_202405 PARTITION OF dim_date FOR VALUES FROM (20240501) TO (20240601)]
(Background on this error at: https://sqlalche.me/e/20/f405)
[2026-03-02 03:21:54] WARNING  data_pipeline.DateLoader | Could not create partition dim_date_202406: (psycopg2.errors.InvalidObjectDefinition) "dim_date" is not partitioned

[SQL: CREATE TABLE IF NOT EXISTS dim_date_202406 PARTITION OF dim_date FOR VALUES FROM (20240601) TO (20240701)]
(Background on this error at: https://sqlalche.me/e/20/f405)
[2026-03-02 03:21:54] WARNING  data_pipeline.DateLoader | Could not create partition dim_date_202407: (psycopg2.errors.InvalidObjectDefinition) "dim_date" is not partitioned

[SQL: CREATE TABLE IF NOT EXISTS dim_date_202407 PARTITION OF dim_date FOR VALUES FROM (20240701) TO (20240801)]
(Background on this error at: https://sqlalche.me/e/20/f405)
[2026-03-02 03:21:54] WARNING  data_pipeline.DateLoader | Could not create partition dim_date_202408: (psycopg2.errors.InvalidObjectDefinition) "dim_date" is not partitioned

[SQL: CREATE TABLE IF NOT EXISTS dim_date_202408 PARTITION OF dim_date FOR VALUES FROM (20240801) TO (20240901)]
(Background on this error at: https://sqlalche.me/e/20/f405)
[2026-03-02 03:21:54] WARNING  data_pipeline.DateLoader | Could not create partition dim_date_202409: (psycopg2.errors.InvalidObjectDefinition) "dim_date" is not partitioned

[SQL: CREATE TABLE IF NOT EXISTS dim_date_202409 PARTITION OF dim_date FOR VALUES FROM (20240901) TO (20241001)]
(Background on this error at: https://sqlalche.me/e/20/f405)
[2026-03-02 03:21:54] WARNING  data_pipeline.DateLoader | Could not create partition dim_date_202410: (psycopg2.errors.InvalidObjectDefinition) "dim_date" is not partitioned

[SQL: CREATE TABLE IF NOT EXISTS dim_date_202410 PARTITION OF dim_date FOR VALUES FROM (20241001) TO (20241101)]
(Background on this error at: https://sqlalche.me/e/20/f405)
[2026-03-02 03:21:54] WARNING  data_pipeline.DateLoader | Could not create partition dim_date_202411: (psycopg2.errors.InvalidObjectDefinition) "dim_date" is not partitioned

[SQL: CREATE TABLE IF NOT EXISTS dim_date_202411 PARTITION OF dim_date FOR VALUES FROM (20241101) TO (20241201)]
(Background on this error at: https://sqlalche.me/e/20/f405)
[2026-03-02 03:21:54] WARNING  data_pipeline.DateLoader | Could not create partition dim_date_202412: (psycopg2.errors.InvalidObjectDefinition) "dim_date" is not partitioned

[SQL: CREATE TABLE IF NOT EXISTS dim_date_202412 PARTITION OF dim_date FOR VALUES FROM (20241201) TO (20250101)]
(Background on this error at: https://sqlalche.me/e/20/f405)
[2026-03-02 03:21:54] WARNING  data_pipeline.DateLoader | Could not create partition dim_date_202501: (psycopg2.errors.InvalidObjectDefinition) "dim_date" is not partitioned

[SQL: CREATE TABLE IF NOT EXISTS dim_date_202501 PARTITION OF dim_date FOR VALUES FROM (20250101) TO (20250201)]
(Background on this error at: https://sqlalche.me/e/20/f405)
[2026-03-02 03:21:54] WARNING  data_pipeline.DateLoader | Could not create partition dim_date_202502: (psycopg2.errors.InvalidObjectDefinition) "dim_date" is not partitioned

[SQL: CREATE TABLE IF NOT EXISTS dim_date_202502 PARTITION OF dim_date FOR VALUES FROM (20250201) TO (20250301)]
(Background on this error at: https://sqlalche.me/e/20/f405)
[2026-03-02 03:21:54] WARNING  data_pipeline.DateLoader | Could not create partition dim_date_202503: (psycopg2.errors.InvalidObjectDefinition) "dim_date" is not partitioned

[SQL: CREATE TABLE IF NOT EXISTS dim_date_202503 PARTITION OF dim_date FOR VALUES FROM (20250301) TO (20250401)]
(Background on this error at: https://sqlalche.me/e/20/f405)
[2026-03-02 03:21:54] WARNING  data_pipeline.DateLoader | Could not create partition dim_date_202504: (psycopg2.errors.InvalidObjectDefinition) "dim_date" is not partitioned

[SQL: CREATE TABLE IF NOT EXISTS dim_date_202504 PARTITION OF dim_date FOR VALUES FROM (20250401) TO (20250501)]
(Background on this error at: https://sqlalche.me/e/20/f405)
[2026-03-02 03:21:54] WARNING  data_pipeline.DateLoader | Could not create partition dim_date_202505: (psycopg2.errors.InvalidObjectDefinition) "dim_date" is not partitioned

[SQL: CREATE TABLE IF NOT EXISTS dim_date_202505 PARTITION OF dim_date FOR VALUES FROM (20250501) TO (20250601)]
(Background on this error at: https://sqlalche.me/e/20/f405)
[2026-03-02 03:21:54] WARNING  data_pipeline.DateLoader | Could not create partition dim_date_202506: (psycopg2.errors.InvalidObjectDefinition) "dim_date" is not partitioned

[SQL: CREATE TABLE IF NOT EXISTS dim_date_202506 PARTITION OF dim_date FOR VALUES FROM (20250601) TO (20250701)]
(Background on this error at: https://sqlalche.me/e/20/f405)
[2026-03-02 03:21:54] WARNING  data_pipeline.DateLoader | Could not create partition dim_date_202507: (psycopg2.errors.InvalidObjectDefinition) "dim_date" is not partitioned

[SQL: CREATE TABLE IF NOT EXISTS dim_date_202507 PARTITION OF dim_date FOR VALUES FROM (20250701) TO (20250801)]
(Background on this error at: https://sqlalche.me/e/20/f405)
[2026-03-02 03:21:54] WARNING  data_pipeline.DateLoader | Could not create partition dim_date_202508: (psycopg2.errors.InvalidObjectDefinition) "dim_date" is not partitioned

[SQL: CREATE TABLE IF NOT EXISTS dim_date_202508 PARTITION OF dim_date FOR VALUES FROM (20250801) TO (20250901)]
(Background on this error at: https://sqlalche.me/e/20/f405)
[2026-03-02 03:21:54] WARNING  data_pipeline.DateLoader | Could not create partition dim_date_202509: (psycopg2.errors.InvalidObjectDefinition) "dim_date" is not partitioned

[SQL: CREATE TABLE IF NOT EXISTS dim_date_202509 PARTITION OF dim_date FOR VALUES FROM (20250901) TO (20251001)]
(Background on this error at: https://sqlalche.me/e/20/f405)
[2026-03-02 03:21:54] WARNING  data_pipeline.DateLoader | Could not create partition dim_date_202510: (psycopg2.errors.InvalidObjectDefinition) "dim_date" is not partitioned

[SQL: CREATE TABLE IF NOT EXISTS dim_date_202510 PARTITION OF dim_date FOR VALUES FROM (20251001) TO (20251101)]
(Background on this error at: https://sqlalche.me/e/20/f405)
[2026-03-02 03:21:54] WARNING  data_pipeline.DateLoader | Could not create partition dim_date_202511: (psycopg2.errors.InvalidObjectDefinition) "dim_date" is not partitioned

[SQL: CREATE TABLE IF NOT EXISTS dim_date_202511 PARTITION OF dim_date FOR VALUES FROM (20251101) TO (20251201)]
(Background on this error at: https://sqlalche.me/e/20/f405)
[2026-03-02 03:21:54] WARNING  data_pipeline.DateLoader | Could not create partition dim_date_202512: (psycopg2.errors.InvalidObjectDefinition) "dim_date" is not partitioned

[SQL: CREATE TABLE IF NOT EXISTS dim_date_202512 PARTITION OF dim_date FOR VALUES FROM (20251201) TO (20260101)]
(Background on this error at: https://sqlalche.me/e/20/f405)
[2026-03-02 03:21:54] WARNING  data_pipeline.DateLoader | Could not create partition dim_date_202601: (psycopg2.errors.InvalidObjectDefinition) "dim_date" is not partitioned

[SQL: CREATE TABLE IF NOT EXISTS dim_date_202601 PARTITION OF dim_date FOR VALUES FROM (20260101) TO (20260201)]
(Background on this error at: https://sqlalche.me/e/20/f405)
[2026-03-02 03:21:54] WARNING  data_pipeline.DateLoader | Could not create partition dim_date_202602: (psycopg2.errors.InvalidObjectDefinition) "dim_date" is not partitioned

[SQL: CREATE TABLE IF NOT EXISTS dim_date_202602 PARTITION OF dim_date FOR VALUES FROM (20260201) TO (20260301)]
(Background on this error at: https://sqlalche.me/e/20/f405)
[2026-03-02 03:21:54] WARNING  data_pipeline.DateLoader | Could not create partition dim_date_202603: (psycopg2.errors.InvalidObjectDefinition) "dim_date" is not partitioned

[SQL: CREATE TABLE IF NOT EXISTS dim_date_202603 PARTITION OF dim_date FOR VALUES FROM (20260301) TO (20260401)]
(Background on this error at: https://sqlalche.me/e/20/f405)
[2026-03-02 03:21:54] WARNING  data_pipeline.DateLoader | Could not create partition dim_date_202604: (psycopg2.errors.InvalidObjectDefinition) "dim_date" is not partitioned

[SQL: CREATE TABLE IF NOT EXISTS dim_date_202604 PARTITION OF dim_date FOR VALUES FROM (20260401) TO (20260501)]
(Background on this error at: https://sqlalche.me/e/20/f405)
[2026-03-02 03:21:54] WARNING  data_pipeline.DateLoader | Could not create partition dim_date_202605: (psycopg2.errors.InvalidObjectDefinition) "dim_date" is not partitioned

[SQL: CREATE TABLE IF NOT EXISTS dim_date_202605 PARTITION OF dim_date FOR VALUES FROM (20260501) TO (20260601)]
(Background on this error at: https://sqlalche.me/e/20/f405)
[2026-03-02 03:21:54] WARNING  data_pipeline.DateLoader | Could not create partition dim_date_202606: (psycopg2.errors.InvalidObjectDefinition) "dim_date" is not partitioned

[SQL: CREATE TABLE IF NOT EXISTS dim_date_202606 PARTITION OF dim_date FOR VALUES FROM (20260601) TO (20260701)]
(Background on this error at: https://sqlalche.me/e/20/f405)
[2026-03-02 03:21:54] WARNING  data_pipeline.DateLoader | Could not create partition dim_date_202607: (psycopg2.errors.InvalidObjectDefinition) "dim_date" is not partitioned

[SQL: CREATE TABLE IF NOT EXISTS dim_date_202607 PARTITION OF dim_date FOR VALUES FROM (20260701) TO (20260801)]
(Background on this error at: https://sqlalche.me/e/20/f405)
[2026-03-02 03:21:54] WARNING  data_pipeline.DateLoader | Could not create partition dim_date_202608: (psycopg2.errors.InvalidObjectDefinition) "dim_date" is not partitioned

[SQL: CREATE TABLE IF NOT EXISTS dim_date_202608 PARTITION OF dim_date FOR VALUES FROM (20260801) TO (20260901)]
(Background on this error at: https://sqlalche.me/e/20/f405)
[2026-03-02 03:21:54] WARNING  data_pipeline.DateLoader | Could not create partition dim_date_202609: (psycopg2.errors.InvalidObjectDefinition) "dim_date" is not partitioned

[SQL: CREATE TABLE IF NOT EXISTS dim_date_202609 PARTITION OF dim_date FOR VALUES FROM (20260901) TO (20261001)]
(Background on this error at: https://sqlalche.me/e/20/f405)
[2026-03-02 03:21:55] WARNING  data_pipeline.DateLoader | Could not create partition dim_date_202610: (psycopg2.errors.InvalidObjectDefinition) "dim_date" is not partitioned

[SQL: CREATE TABLE IF NOT EXISTS dim_date_202610 PARTITION OF dim_date FOR VALUES FROM (20261001) TO (20261101)]
(Background on this error at: https://sqlalche.me/e/20/f405)
[2026-03-02 03:21:55] WARNING  data_pipeline.DateLoader | Could not create partition dim_date_202611: (psycopg2.errors.InvalidObjectDefinition) "dim_date" is not partitioned

[SQL: CREATE TABLE IF NOT EXISTS dim_date_202611 PARTITION OF dim_date FOR VALUES FROM (20261101) TO (20261201)]
(Background on this error at: https://sqlalche.me/e/20/f405)
[2026-03-02 03:21:55] WARNING  data_pipeline.DateLoader | Could not create partition dim_date_202612: (psycopg2.errors.InvalidObjectDefinition) "dim_date" is not partitioned

[SQL: CREATE TABLE IF NOT EXISTS dim_date_202612 PARTITION OF dim_date FOR VALUES FROM (20261201) TO (20270101)]
(Background on this error at: https://sqlalche.me/e/20/f405)
[2026-03-02 03:21:55] WARNING  data_pipeline.DateLoader | Could not create partition dim_date_202701: (psycopg2.errors.InvalidObjectDefinition) "dim_date" is not partitioned

[SQL: CREATE TABLE IF NOT EXISTS dim_date_202701 PARTITION OF dim_date FOR VALUES FROM (20270101) TO (20270201)]
(Background on this error at: https://sqlalche.me/e/20/f405)
[2026-03-02 03:21:55] WARNING  data_pipeline.DateLoader | Could not create partition dim_date_202702: (psycopg2.errors.InvalidObjectDefinition) "dim_date" is not partitioned

[SQL: CREATE TABLE IF NOT EXISTS dim_date_202702 PARTITION OF dim_date FOR VALUES FROM (20270201) TO (20270301)]
(Background on this error at: https://sqlalche.me/e/20/f405)
[2026-03-02 03:21:55] WARNING  data_pipeline.DateLoader | Could not create partition dim_date_202703: (psycopg2.errors.InvalidObjectDefinition) "dim_date" is not partitioned

[SQL: CREATE TABLE IF NOT EXISTS dim_date_202703 PARTITION OF dim_date FOR VALUES FROM (20270301) TO (20270401)]
(Background on this error at: https://sqlalche.me/e/20/f405)
[2026-03-02 03:21:55] WARNING  data_pipeline.DateLoader | Could not create partition dim_date_202704: (psycopg2.errors.InvalidObjectDefinition) "dim_date" is not partitioned

[SQL: CREATE TABLE IF NOT EXISTS dim_date_202704 PARTITION OF dim_date FOR VALUES FROM (20270401) TO (20270501)]
(Background on this error at: https://sqlalche.me/e/20/f405)
[2026-03-02 03:21:55] WARNING  data_pipeline.DateLoader | Could not create partition dim_date_202705: (psycopg2.errors.InvalidObjectDefinition) "dim_date" is not partitioned

[SQL: CREATE TABLE IF NOT EXISTS dim_date_202705 PARTITION OF dim_date FOR VALUES FROM (20270501) TO (20270601)]
(Background on this error at: https://sqlalche.me/e/20/f405)
[2026-03-02 03:21:55] WARNING  data_pipeline.DateLoader | Could not create partition dim_date_202706: (psycopg2.errors.InvalidObjectDefinition) "dim_date" is not partitioned

[SQL: CREATE TABLE IF NOT EXISTS dim_date_202706 PARTITION OF dim_date FOR VALUES FROM (20270601) TO (20270701)]
(Background on this error at: https://sqlalche.me/e/20/f405)
[2026-03-02 03:21:55] WARNING  data_pipeline.DateLoader | Could not create partition dim_date_202707: (psycopg2.errors.InvalidObjectDefinition) "dim_date" is not partitioned

[SQL: CREATE TABLE IF NOT EXISTS dim_date_202707 PARTITION OF dim_date FOR VALUES FROM (20270701) TO (20270801)]
(Background on this error at: https://sqlalche.me/e/20/f405)
[2026-03-02 03:21:55] WARNING  data_pipeline.DateLoader | Could not create partition dim_date_202708: (psycopg2.errors.InvalidObjectDefinition) "dim_date" is not partitioned

[SQL: CREATE TABLE IF NOT EXISTS dim_date_202708 PARTITION OF dim_date FOR VALUES FROM (20270801) TO (20270901)]
(Background on this error at: https://sqlalche.me/e/20/f405)
[2026-03-02 03:21:55] WARNING  data_pipeline.DateLoader | Could not create partition dim_date_202709: (psycopg2.errors.InvalidObjectDefinition) "dim_date" is not partitioned

[SQL: CREATE TABLE IF NOT EXISTS dim_date_202709 PARTITION OF dim_date FOR VALUES FROM (20270901) TO (20271001)]
(Background on this error at: https://sqlalche.me/e/20/f405)
[2026-03-02 03:21:55] WARNING  data_pipeline.DateLoader | Could not create partition dim_date_202710: (psycopg2.errors.InvalidObjectDefinition) "dim_date" is not partitioned

[SQL: CREATE TABLE IF NOT EXISTS dim_date_202710 PARTITION OF dim_date FOR VALUES FROM (20271001) TO (20271101)]
(Background on this error at: https://sqlalche.me/e/20/f405)
[2026-03-02 03:21:55] WARNING  data_pipeline.DateLoader | Could not create partition dim_date_202711: (psycopg2.errors.InvalidObjectDefinition) "dim_date" is not partitioned

[SQL: CREATE TABLE IF NOT EXISTS dim_date_202711 PARTITION OF dim_date FOR VALUES FROM (20271101) TO (20271201)]
(Background on this error at: https://sqlalche.me/e/20/f405)
[2026-03-02 03:21:55] WARNING  data_pipeline.DateLoader | Could not create partition dim_date_202712: (psycopg2.errors.InvalidObjectDefinition) "dim_date" is not partitioned

[SQL: CREATE TABLE IF NOT EXISTS dim_date_202712 PARTITION OF dim_date FOR VALUES FROM (20271201) TO (20280101)]
(Background on this error at: https://sqlalche.me/e/20/f405)
[2026-03-02 03:21:55] INFO     data_pipeline.DateLoader | Batch 1: upserted 0/500 rows
[2026-03-02 03:21:55] INFO     data_pipeline.DateLoader | Batch 2: upserted 0/500 rows
[2026-03-02 03:21:55] INFO     data_pipeline.DateLoader | Batch 3: upserted 0/461 rows
[2026-03-02 03:21:55] INFO     data_pipeline.date_time_pipeline | Loaded 0 records → dim_date
[2026-03-02 03:21:55] INFO     data_pipeline.TimeOfDayLoader | Batch 1: upserted 0/500 rows
[2026-03-02 03:21:55] INFO     data_pipeline.TimeOfDayLoader | Batch 2: upserted 0/500 rows
[2026-03-02 03:21:55] INFO     data_pipeline.TimeOfDayLoader | Batch 3: upserted 0/440 rows
[2026-03-02 03:21:55] INFO     data_pipeline.date_time_pipeline | Loaded 0 records → dim_time_of_day
[2026-03-02 03:21:55] INFO     data_pipeline.main | [run-static] date_time_pipeline: 3 records
[2026-03-02 03:21:55] INFO     data_pipeline.HolidayTransformer | Generated 6 dim_holiday, 52 bridge_date_holiday rows
[2026-03-02 03:21:55] INFO     data_pipeline.HolidayLoader | Batch 1: upserted 0/6 rows
[2026-03-02 03:21:55] INFO     data_pipeline.holiday_pipeline | Loaded 0 records → dim_holiday
[2026-03-02 03:21:55] WARNING  data_pipeline.BridgeDateHolidayLoader | Could not create partition bridge_date_holiday_202401: (psycopg2.errors.InvalidObjectDefinition) "bridge_date_holiday" is not partitioned

[SQL: CREATE TABLE IF NOT EXISTS bridge_date_holiday_202401 PARTITION OF bridge_date_holiday FOR VALUES FROM (20240101) TO (20240201)]
(Background on this error at: https://sqlalche.me/e/20/f405)
[2026-03-02 03:21:55] WARNING  data_pipeline.BridgeDateHolidayLoader | Could not create partition bridge_date_holiday_202402: (psycopg2.errors.InvalidObjectDefinition) "bridge_date_holiday" is not partitioned

[SQL: CREATE TABLE IF NOT EXISTS bridge_date_holiday_202402 PARTITION OF bridge_date_holiday FOR VALUES FROM (20240201) TO (20240301)]
(Background on this error at: https://sqlalche.me/e/20/f405)
[2026-03-02 03:21:55] WARNING  data_pipeline.BridgeDateHolidayLoader | Could not create partition bridge_date_holiday_202404: (psycopg2.errors.InvalidObjectDefinition) "bridge_date_holiday" is not partitioned

[SQL: CREATE TABLE IF NOT EXISTS bridge_date_holiday_202404 PARTITION OF bridge_date_holiday FOR VALUES FROM (20240401) TO (20240501)]
(Background on this error at: https://sqlalche.me/e/20/f405)
[2026-03-02 03:21:55] WARNING  data_pipeline.BridgeDateHolidayLoader | Could not create partition bridge_date_holiday_202405: (psycopg2.errors.InvalidObjectDefinition) "bridge_date_holiday" is not partitioned

[SQL: CREATE TABLE IF NOT EXISTS bridge_date_holiday_202405 PARTITION OF bridge_date_holiday FOR VALUES FROM (20240501) TO (20240601)]
(Background on this error at: https://sqlalche.me/e/20/f405)
[2026-03-02 03:21:55] WARNING  data_pipeline.BridgeDateHolidayLoader | Could not create partition bridge_date_holiday_202409: (psycopg2.errors.InvalidObjectDefinition) "bridge_date_holiday" is not partitioned

[SQL: CREATE TABLE IF NOT EXISTS bridge_date_holiday_202409 PARTITION OF bridge_date_holiday FOR VALUES FROM (20240901) TO (20241001)]
(Background on this error at: https://sqlalche.me/e/20/f405)
[2026-03-02 03:21:55] WARNING  data_pipeline.BridgeDateHolidayLoader | Could not create partition bridge_date_holiday_202501: (psycopg2.errors.InvalidObjectDefinition) "bridge_date_holiday" is not partitioned

[SQL: CREATE TABLE IF NOT EXISTS bridge_date_holiday_202501 PARTITION OF bridge_date_holiday FOR VALUES FROM (20250101) TO (20250201)]
(Background on this error at: https://sqlalche.me/e/20/f405)
[2026-03-02 03:21:55] WARNING  data_pipeline.BridgeDateHolidayLoader | Could not create partition bridge_date_holiday_202502: (psycopg2.errors.InvalidObjectDefinition) "bridge_date_holiday" is not partitioned

[SQL: CREATE TABLE IF NOT EXISTS bridge_date_holiday_202502 PARTITION OF bridge_date_holiday FOR VALUES FROM (20250201) TO (20250301)]
(Background on this error at: https://sqlalche.me/e/20/f405)
[2026-03-02 03:21:55] WARNING  data_pipeline.BridgeDateHolidayLoader | Could not create partition bridge_date_holiday_202504: (psycopg2.errors.InvalidObjectDefinition) "bridge_date_holiday" is not partitioned

[SQL: CREATE TABLE IF NOT EXISTS bridge_date_holiday_202504 PARTITION OF bridge_date_holiday FOR VALUES FROM (20250401) TO (20250501)]
(Background on this error at: https://sqlalche.me/e/20/f405)
[2026-03-02 03:21:55] WARNING  data_pipeline.BridgeDateHolidayLoader | Could not create partition bridge_date_holiday_202505: (psycopg2.errors.InvalidObjectDefinition) "bridge_date_holiday" is not partitioned

[SQL: CREATE TABLE IF NOT EXISTS bridge_date_holiday_202505 PARTITION OF bridge_date_holiday FOR VALUES FROM (20250501) TO (20250601)]
(Background on this error at: https://sqlalche.me/e/20/f405)
[2026-03-02 03:21:55] WARNING  data_pipeline.BridgeDateHolidayLoader | Could not create partition bridge_date_holiday_202509: (psycopg2.errors.InvalidObjectDefinition) "bridge_date_holiday" is not partitioned

[SQL: CREATE TABLE IF NOT EXISTS bridge_date_holiday_202509 PARTITION OF bridge_date_holiday FOR VALUES FROM (20250901) TO (20251001)]
(Background on this error at: https://sqlalche.me/e/20/f405)
[2026-03-02 03:21:55] WARNING  data_pipeline.BridgeDateHolidayLoader | Could not create partition bridge_date_holiday_202601: (psycopg2.errors.InvalidObjectDefinition) "bridge_date_holiday" is not partitioned

[SQL: CREATE TABLE IF NOT EXISTS bridge_date_holiday_202601 PARTITION OF bridge_date_holiday FOR VALUES FROM (20260101) TO (20260201)]
(Background on this error at: https://sqlalche.me/e/20/f405)
[2026-03-02 03:21:55] WARNING  data_pipeline.BridgeDateHolidayLoader | Could not create partition bridge_date_holiday_202602: (psycopg2.errors.InvalidObjectDefinition) "bridge_date_holiday" is not partitioned

[SQL: CREATE TABLE IF NOT EXISTS bridge_date_holiday_202602 PARTITION OF bridge_date_holiday FOR VALUES FROM (20260201) TO (20260301)]
(Background on this error at: https://sqlalche.me/e/20/f405)
[2026-03-02 03:21:55] WARNING  data_pipeline.BridgeDateHolidayLoader | Could not create partition bridge_date_holiday_202604: (psycopg2.errors.InvalidObjectDefinition) "bridge_date_holiday" is not partitioned

[SQL: CREATE TABLE IF NOT EXISTS bridge_date_holiday_202604 PARTITION OF bridge_date_holiday FOR VALUES FROM (20260401) TO (20260501)]
(Background on this error at: https://sqlalche.me/e/20/f405)
[2026-03-02 03:21:55] WARNING  data_pipeline.BridgeDateHolidayLoader | Could not create partition bridge_date_holiday_202605: (psycopg2.errors.InvalidObjectDefinition) "bridge_date_holiday" is not partitioned

[SQL: CREATE TABLE IF NOT EXISTS bridge_date_holiday_202605 PARTITION OF bridge_date_holiday FOR VALUES FROM (20260501) TO (20260601)]
(Background on this error at: https://sqlalche.me/e/20/f405)
[2026-03-02 03:21:55] WARNING  data_pipeline.BridgeDateHolidayLoader | Could not create partition bridge_date_holiday_202609: (psycopg2.errors.InvalidObjectDefinition) "bridge_date_holiday" is not partitioned

[SQL: CREATE TABLE IF NOT EXISTS bridge_date_holiday_202609 PARTITION OF bridge_date_holiday FOR VALUES FROM (20260901) TO (20261001)]
(Background on this error at: https://sqlalche.me/e/20/f405)
[2026-03-02 03:21:55] WARNING  data_pipeline.BridgeDateHolidayLoader | Could not create partition bridge_date_holiday_202701: (psycopg2.errors.InvalidObjectDefinition) "bridge_date_holiday" is not partitioned

[SQL: CREATE TABLE IF NOT EXISTS bridge_date_holiday_202701 PARTITION OF bridge_date_holiday FOR VALUES FROM (20270101) TO (20270201)]
(Background on this error at: https://sqlalche.me/e/20/f405)
[2026-03-02 03:21:55] WARNING  data_pipeline.BridgeDateHolidayLoader | Could not create partition bridge_date_holiday_202702: (psycopg2.errors.InvalidObjectDefinition) "bridge_date_holiday" is not partitioned

[SQL: CREATE TABLE IF NOT EXISTS bridge_date_holiday_202702 PARTITION OF bridge_date_holiday FOR VALUES FROM (20270201) TO (20270301)]
(Background on this error at: https://sqlalche.me/e/20/f405)
[2026-03-02 03:21:55] WARNING  data_pipeline.BridgeDateHolidayLoader | Could not create partition bridge_date_holiday_202704: (psycopg2.errors.InvalidObjectDefinition) "bridge_date_holiday" is not partitioned

[SQL: CREATE TABLE IF NOT EXISTS bridge_date_holiday_202704 PARTITION OF bridge_date_holiday FOR VALUES FROM (20270401) TO (20270501)]
(Background on this error at: https://sqlalche.me/e/20/f405)
[2026-03-02 03:21:55] WARNING  data_pipeline.BridgeDateHolidayLoader | Could not create partition bridge_date_holiday_202705: (psycopg2.errors.InvalidObjectDefinition) "bridge_date_holiday" is not partitioned

[SQL: CREATE TABLE IF NOT EXISTS bridge_date_holiday_202705 PARTITION OF bridge_date_holiday FOR VALUES FROM (20270501) TO (20270601)]
(Background on this error at: https://sqlalche.me/e/20/f405)
[2026-03-02 03:21:55] WARNING  data_pipeline.BridgeDateHolidayLoader | Could not create partition bridge_date_holiday_202709: (psycopg2.errors.InvalidObjectDefinition) "bridge_date_holiday" is not partitioned

[SQL: CREATE TABLE IF NOT EXISTS bridge_date_holiday_202709 PARTITION OF bridge_date_holiday FOR VALUES FROM (20270901) TO (20271001)]
(Background on this error at: https://sqlalche.me/e/20/f405)
[2026-03-02 03:21:55] INFO     data_pipeline.BridgeDateHolidayLoader | Batch 1: upserted 0/52 rows
[2026-03-02 03:21:55] INFO     data_pipeline.holiday_pipeline | Loaded 0 records → bridge_date_holiday
[2026-03-02 03:21:55] INFO     data_pipeline.main | [run-static] holiday_pipeline: 0 records
[2026-03-02 03:23:31] INFO     data_pipeline.database | SQLAlchemy Engine created
[2026-03-02 03:23:32] INFO     data_pipeline.DateTimeTransformer | Generated 48 dim_month_year rows
[2026-03-02 03:23:32] INFO     data_pipeline.DateTimeTransformer | Generated 7 dim_shift rows
[2026-03-02 03:23:32] INFO     data_pipeline.DateTimeTransformer | Generated 1461 dim_date rows
[2026-03-02 03:23:32] INFO     data_pipeline.DateTimeTransformer | Generated 1440 dim_time_of_day rows
[2026-03-02 03:23:32] INFO     data_pipeline.MonthYearLoader | Batch 1: upserted 0/48 rows
[2026-03-02 03:23:32] INFO     data_pipeline.date_time_pipeline | Loaded 0 records → dim_month_year
[2026-03-02 03:23:32] INFO     data_pipeline.ShiftLoader | Batch 1: upserted 7/7 rows
[2026-03-02 03:23:32] INFO     data_pipeline.date_time_pipeline | Loaded 7 records → dim_shift
[2026-03-02 03:23:32] WARNING  data_pipeline.DateLoader | Could not create partition dim_date_202401: (psycopg2.errors.InvalidObjectDefinition) "dim_date" is not partitioned

[SQL: CREATE TABLE IF NOT EXISTS dim_date_202401 PARTITION OF dim_date FOR VALUES FROM (20240101) TO (20240201)]
(Background on this error at: https://sqlalche.me/e/20/f405)
[2026-03-02 03:23:32] WARNING  data_pipeline.DateLoader | Could not create partition dim_date_202402: (psycopg2.errors.InvalidObjectDefinition) "dim_date" is not partitioned

[SQL: CREATE TABLE IF NOT EXISTS dim_date_202402 PARTITION OF dim_date FOR VALUES FROM (20240201) TO (20240301)]
(Background on this error at: https://sqlalche.me/e/20/f405)
[2026-03-02 03:23:32] WARNING  data_pipeline.DateLoader | Could not create partition dim_date_202403: (psycopg2.errors.InvalidObjectDefinition) "dim_date" is not partitioned

[SQL: CREATE TABLE IF NOT EXISTS dim_date_202403 PARTITION OF dim_date FOR VALUES FROM (20240301) TO (20240401)]
(Background on this error at: https://sqlalche.me/e/20/f405)
[2026-03-02 03:23:32] WARNING  data_pipeline.DateLoader | Could not create partition dim_date_202404: (psycopg2.errors.InvalidObjectDefinition) "dim_date" is not partitioned

[SQL: CREATE TABLE IF NOT EXISTS dim_date_202404 PARTITION OF dim_date FOR VALUES FROM (20240401) TO (20240501)]
(Background on this error at: https://sqlalche.me/e/20/f405)
[2026-03-02 03:23:32] WARNING  data_pipeline.DateLoader | Could not create partition dim_date_202405: (psycopg2.errors.InvalidObjectDefinition) "dim_date" is not partitioned

[SQL: CREATE TABLE IF NOT EXISTS dim_date_202405 PARTITION OF dim_date FOR VALUES FROM (20240501) TO (20240601)]
(Background on this error at: https://sqlalche.me/e/20/f405)
[2026-03-02 03:23:32] WARNING  data_pipeline.DateLoader | Could not create partition dim_date_202406: (psycopg2.errors.InvalidObjectDefinition) "dim_date" is not partitioned

[SQL: CREATE TABLE IF NOT EXISTS dim_date_202406 PARTITION OF dim_date FOR VALUES FROM (20240601) TO (20240701)]
(Background on this error at: https://sqlalche.me/e/20/f405)
[2026-03-02 03:23:32] WARNING  data_pipeline.DateLoader | Could not create partition dim_date_202407: (psycopg2.errors.InvalidObjectDefinition) "dim_date" is not partitioned

[SQL: CREATE TABLE IF NOT EXISTS dim_date_202407 PARTITION OF dim_date FOR VALUES FROM (20240701) TO (20240801)]
(Background on this error at: https://sqlalche.me/e/20/f405)
[2026-03-02 03:23:32] WARNING  data_pipeline.DateLoader | Could not create partition dim_date_202408: (psycopg2.errors.InvalidObjectDefinition) "dim_date" is not partitioned

[SQL: CREATE TABLE IF NOT EXISTS dim_date_202408 PARTITION OF dim_date FOR VALUES FROM (20240801) TO (20240901)]
(Background on this error at: https://sqlalche.me/e/20/f405)
[2026-03-02 03:23:32] WARNING  data_pipeline.DateLoader | Could not create partition dim_date_202409: (psycopg2.errors.InvalidObjectDefinition) "dim_date" is not partitioned

[SQL: CREATE TABLE IF NOT EXISTS dim_date_202409 PARTITION OF dim_date FOR VALUES FROM (20240901) TO (20241001)]
(Background on this error at: https://sqlalche.me/e/20/f405)
[2026-03-02 03:23:32] WARNING  data_pipeline.DateLoader | Could not create partition dim_date_202410: (psycopg2.errors.InvalidObjectDefinition) "dim_date" is not partitioned

[SQL: CREATE TABLE IF NOT EXISTS dim_date_202410 PARTITION OF dim_date FOR VALUES FROM (20241001) TO (20241101)]
(Background on this error at: https://sqlalche.me/e/20/f405)
[2026-03-02 03:23:32] WARNING  data_pipeline.DateLoader | Could not create partition dim_date_202411: (psycopg2.errors.InvalidObjectDefinition) "dim_date" is not partitioned

[SQL: CREATE TABLE IF NOT EXISTS dim_date_202411 PARTITION OF dim_date FOR VALUES FROM (20241101) TO (20241201)]
(Background on this error at: https://sqlalche.me/e/20/f405)
[2026-03-02 03:23:32] WARNING  data_pipeline.DateLoader | Could not create partition dim_date_202412: (psycopg2.errors.InvalidObjectDefinition) "dim_date" is not partitioned

[SQL: CREATE TABLE IF NOT EXISTS dim_date_202412 PARTITION OF dim_date FOR VALUES FROM (20241201) TO (20250101)]
(Background on this error at: https://sqlalche.me/e/20/f405)
[2026-03-02 03:23:32] WARNING  data_pipeline.DateLoader | Could not create partition dim_date_202501: (psycopg2.errors.InvalidObjectDefinition) "dim_date" is not partitioned

[SQL: CREATE TABLE IF NOT EXISTS dim_date_202501 PARTITION OF dim_date FOR VALUES FROM (20250101) TO (20250201)]
(Background on this error at: https://sqlalche.me/e/20/f405)
[2026-03-02 03:23:32] WARNING  data_pipeline.DateLoader | Could not create partition dim_date_202502: (psycopg2.errors.InvalidObjectDefinition) "dim_date" is not partitioned

[SQL: CREATE TABLE IF NOT EXISTS dim_date_202502 PARTITION OF dim_date FOR VALUES FROM (20250201) TO (20250301)]
(Background on this error at: https://sqlalche.me/e/20/f405)
[2026-03-02 03:23:32] WARNING  data_pipeline.DateLoader | Could not create partition dim_date_202503: (psycopg2.errors.InvalidObjectDefinition) "dim_date" is not partitioned

[SQL: CREATE TABLE IF NOT EXISTS dim_date_202503 PARTITION OF dim_date FOR VALUES FROM (20250301) TO (20250401)]
(Background on this error at: https://sqlalche.me/e/20/f405)
[2026-03-02 03:23:32] WARNING  data_pipeline.DateLoader | Could not create partition dim_date_202504: (psycopg2.errors.InvalidObjectDefinition) "dim_date" is not partitioned

[SQL: CREATE TABLE IF NOT EXISTS dim_date_202504 PARTITION OF dim_date FOR VALUES FROM (20250401) TO (20250501)]
(Background on this error at: https://sqlalche.me/e/20/f405)
[2026-03-02 03:23:32] WARNING  data_pipeline.DateLoader | Could not create partition dim_date_202505: (psycopg2.errors.InvalidObjectDefinition) "dim_date" is not partitioned

[SQL: CREATE TABLE IF NOT EXISTS dim_date_202505 PARTITION OF dim_date FOR VALUES FROM (20250501) TO (20250601)]
(Background on this error at: https://sqlalche.me/e/20/f405)
[2026-03-02 03:23:32] WARNING  data_pipeline.DateLoader | Could not create partition dim_date_202506: (psycopg2.errors.InvalidObjectDefinition) "dim_date" is not partitioned

[SQL: CREATE TABLE IF NOT EXISTS dim_date_202506 PARTITION OF dim_date FOR VALUES FROM (20250601) TO (20250701)]
(Background on this error at: https://sqlalche.me/e/20/f405)
[2026-03-02 03:23:32] WARNING  data_pipeline.DateLoader | Could not create partition dim_date_202507: (psycopg2.errors.InvalidObjectDefinition) "dim_date" is not partitioned

[SQL: CREATE TABLE IF NOT EXISTS dim_date_202507 PARTITION OF dim_date FOR VALUES FROM (20250701) TO (20250801)]
(Background on this error at: https://sqlalche.me/e/20/f405)
[2026-03-02 03:23:32] WARNING  data_pipeline.DateLoader | Could not create partition dim_date_202508: (psycopg2.errors.InvalidObjectDefinition) "dim_date" is not partitioned

[SQL: CREATE TABLE IF NOT EXISTS dim_date_202508 PARTITION OF dim_date FOR VALUES FROM (20250801) TO (20250901)]
(Background on this error at: https://sqlalche.me/e/20/f405)
[2026-03-02 03:23:32] WARNING  data_pipeline.DateLoader | Could not create partition dim_date_202509: (psycopg2.errors.InvalidObjectDefinition) "dim_date" is not partitioned

[SQL: CREATE TABLE IF NOT EXISTS dim_date_202509 PARTITION OF dim_date FOR VALUES FROM (20250901) TO (20251001)]
(Background on this error at: https://sqlalche.me/e/20/f405)
[2026-03-02 03:23:32] WARNING  data_pipeline.DateLoader | Could not create partition dim_date_202510: (psycopg2.errors.InvalidObjectDefinition) "dim_date" is not partitioned

[SQL: CREATE TABLE IF NOT EXISTS dim_date_202510 PARTITION OF dim_date FOR VALUES FROM (20251001) TO (20251101)]
(Background on this error at: https://sqlalche.me/e/20/f405)
[2026-03-02 03:23:32] WARNING  data_pipeline.DateLoader | Could not create partition dim_date_202511: (psycopg2.errors.InvalidObjectDefinition) "dim_date" is not partitioned

[SQL: CREATE TABLE IF NOT EXISTS dim_date_202511 PARTITION OF dim_date FOR VALUES FROM (20251101) TO (20251201)]
(Background on this error at: https://sqlalche.me/e/20/f405)
[2026-03-02 03:23:32] WARNING  data_pipeline.DateLoader | Could not create partition dim_date_202512: (psycopg2.errors.InvalidObjectDefinition) "dim_date" is not partitioned

[SQL: CREATE TABLE IF NOT EXISTS dim_date_202512 PARTITION OF dim_date FOR VALUES FROM (20251201) TO (20260101)]
(Background on this error at: https://sqlalche.me/e/20/f405)
[2026-03-02 03:23:32] WARNING  data_pipeline.DateLoader | Could not create partition dim_date_202601: (psycopg2.errors.InvalidObjectDefinition) "dim_date" is not partitioned

[SQL: CREATE TABLE IF NOT EXISTS dim_date_202601 PARTITION OF dim_date FOR VALUES FROM (20260101) TO (20260201)]
(Background on this error at: https://sqlalche.me/e/20/f405)
[2026-03-02 03:23:32] WARNING  data_pipeline.DateLoader | Could not create partition dim_date_202602: (psycopg2.errors.InvalidObjectDefinition) "dim_date" is not partitioned

[SQL: CREATE TABLE IF NOT EXISTS dim_date_202602 PARTITION OF dim_date FOR VALUES FROM (20260201) TO (20260301)]
(Background on this error at: https://sqlalche.me/e/20/f405)
[2026-03-02 03:23:32] WARNING  data_pipeline.DateLoader | Could not create partition dim_date_202603: (psycopg2.errors.InvalidObjectDefinition) "dim_date" is not partitioned

[SQL: CREATE TABLE IF NOT EXISTS dim_date_202603 PARTITION OF dim_date FOR VALUES FROM (20260301) TO (20260401)]
(Background on this error at: https://sqlalche.me/e/20/f405)
[2026-03-02 03:23:32] WARNING  data_pipeline.DateLoader | Could not create partition dim_date_202604: (psycopg2.errors.InvalidObjectDefinition) "dim_date" is not partitioned

[SQL: CREATE TABLE IF NOT EXISTS dim_date_202604 PARTITION OF dim_date FOR VALUES FROM (20260401) TO (20260501)]
(Background on this error at: https://sqlalche.me/e/20/f405)
[2026-03-02 03:23:32] WARNING  data_pipeline.DateLoader | Could not create partition dim_date_202605: (psycopg2.errors.InvalidObjectDefinition) "dim_date" is not partitioned

[SQL: CREATE TABLE IF NOT EXISTS dim_date_202605 PARTITION OF dim_date FOR VALUES FROM (20260501) TO (20260601)]
(Background on this error at: https://sqlalche.me/e/20/f405)
[2026-03-02 03:23:32] WARNING  data_pipeline.DateLoader | Could not create partition dim_date_202606: (psycopg2.errors.InvalidObjectDefinition) "dim_date" is not partitioned

[SQL: CREATE TABLE IF NOT EXISTS dim_date_202606 PARTITION OF dim_date FOR VALUES FROM (20260601) TO (20260701)]
(Background on this error at: https://sqlalche.me/e/20/f405)
[2026-03-02 03:23:32] WARNING  data_pipeline.DateLoader | Could not create partition dim_date_202607: (psycopg2.errors.InvalidObjectDefinition) "dim_date" is not partitioned

[SQL: CREATE TABLE IF NOT EXISTS dim_date_202607 PARTITION OF dim_date FOR VALUES FROM (20260701) TO (20260801)]
(Background on this error at: https://sqlalche.me/e/20/f405)
[2026-03-02 03:23:32] WARNING  data_pipeline.DateLoader | Could not create partition dim_date_202608: (psycopg2.errors.InvalidObjectDefinition) "dim_date" is not partitioned

[SQL: CREATE TABLE IF NOT EXISTS dim_date_202608 PARTITION OF dim_date FOR VALUES FROM (20260801) TO (20260901)]
(Background on this error at: https://sqlalche.me/e/20/f405)
[2026-03-02 03:23:32] WARNING  data_pipeline.DateLoader | Could not create partition dim_date_202609: (psycopg2.errors.InvalidObjectDefinition) "dim_date" is not partitioned

[SQL: CREATE TABLE IF NOT EXISTS dim_date_202609 PARTITION OF dim_date FOR VALUES FROM (20260901) TO (20261001)]
(Background on this error at: https://sqlalche.me/e/20/f405)
[2026-03-02 03:23:32] WARNING  data_pipeline.DateLoader | Could not create partition dim_date_202610: (psycopg2.errors.InvalidObjectDefinition) "dim_date" is not partitioned

[SQL: CREATE TABLE IF NOT EXISTS dim_date_202610 PARTITION OF dim_date FOR VALUES FROM (20261001) TO (20261101)]
(Background on this error at: https://sqlalche.me/e/20/f405)
[2026-03-02 03:23:32] WARNING  data_pipeline.DateLoader | Could not create partition dim_date_202611: (psycopg2.errors.InvalidObjectDefinition) "dim_date" is not partitioned

[SQL: CREATE TABLE IF NOT EXISTS dim_date_202611 PARTITION OF dim_date FOR VALUES FROM (20261101) TO (20261201)]
(Background on this error at: https://sqlalche.me/e/20/f405)
[2026-03-02 03:23:32] WARNING  data_pipeline.DateLoader | Could not create partition dim_date_202612: (psycopg2.errors.InvalidObjectDefinition) "dim_date" is not partitioned

[SQL: CREATE TABLE IF NOT EXISTS dim_date_202612 PARTITION OF dim_date FOR VALUES FROM (20261201) TO (20270101)]
(Background on this error at: https://sqlalche.me/e/20/f405)
[2026-03-02 03:23:32] WARNING  data_pipeline.DateLoader | Could not create partition dim_date_202701: (psycopg2.errors.InvalidObjectDefinition) "dim_date" is not partitioned

[SQL: CREATE TABLE IF NOT EXISTS dim_date_202701 PARTITION OF dim_date FOR VALUES FROM (20270101) TO (20270201)]
(Background on this error at: https://sqlalche.me/e/20/f405)
[2026-03-02 03:23:32] WARNING  data_pipeline.DateLoader | Could not create partition dim_date_202702: (psycopg2.errors.InvalidObjectDefinition) "dim_date" is not partitioned

[SQL: CREATE TABLE IF NOT EXISTS dim_date_202702 PARTITION OF dim_date FOR VALUES FROM (20270201) TO (20270301)]
(Background on this error at: https://sqlalche.me/e/20/f405)
[2026-03-02 03:23:32] WARNING  data_pipeline.DateLoader | Could not create partition dim_date_202703: (psycopg2.errors.InvalidObjectDefinition) "dim_date" is not partitioned

[SQL: CREATE TABLE IF NOT EXISTS dim_date_202703 PARTITION OF dim_date FOR VALUES FROM (20270301) TO (20270401)]
(Background on this error at: https://sqlalche.me/e/20/f405)
[2026-03-02 03:23:32] WARNING  data_pipeline.DateLoader | Could not create partition dim_date_202704: (psycopg2.errors.InvalidObjectDefinition) "dim_date" is not partitioned

[SQL: CREATE TABLE IF NOT EXISTS dim_date_202704 PARTITION OF dim_date FOR VALUES FROM (20270401) TO (20270501)]
(Background on this error at: https://sqlalche.me/e/20/f405)
[2026-03-02 03:23:32] WARNING  data_pipeline.DateLoader | Could not create partition dim_date_202705: (psycopg2.errors.InvalidObjectDefinition) "dim_date" is not partitioned

[SQL: CREATE TABLE IF NOT EXISTS dim_date_202705 PARTITION OF dim_date FOR VALUES FROM (20270501) TO (20270601)]
(Background on this error at: https://sqlalche.me/e/20/f405)
[2026-03-02 03:23:32] WARNING  data_pipeline.DateLoader | Could not create partition dim_date_202706: (psycopg2.errors.InvalidObjectDefinition) "dim_date" is not partitioned

[SQL: CREATE TABLE IF NOT EXISTS dim_date_202706 PARTITION OF dim_date FOR VALUES FROM (20270601) TO (20270701)]
(Background on this error at: https://sqlalche.me/e/20/f405)
[2026-03-02 03:23:32] WARNING  data_pipeline.DateLoader | Could not create partition dim_date_202707: (psycopg2.errors.InvalidObjectDefinition) "dim_date" is not partitioned

[SQL: CREATE TABLE IF NOT EXISTS dim_date_202707 PARTITION OF dim_date FOR VALUES FROM (20270701) TO (20270801)]
(Background on this error at: https://sqlalche.me/e/20/f405)
[2026-03-02 03:23:32] WARNING  data_pipeline.DateLoader | Could not create partition dim_date_202708: (psycopg2.errors.InvalidObjectDefinition) "dim_date" is not partitioned

[SQL: CREATE TABLE IF NOT EXISTS dim_date_202708 PARTITION OF dim_date FOR VALUES FROM (20270801) TO (20270901)]
(Background on this error at: https://sqlalche.me/e/20/f405)
[2026-03-02 03:23:32] WARNING  data_pipeline.DateLoader | Could not create partition dim_date_202709: (psycopg2.errors.InvalidObjectDefinition) "dim_date" is not partitioned

[SQL: CREATE TABLE IF NOT EXISTS dim_date_202709 PARTITION OF dim_date FOR VALUES FROM (20270901) TO (20271001)]
(Background on this error at: https://sqlalche.me/e/20/f405)
[2026-03-02 03:23:32] WARNING  data_pipeline.DateLoader | Could not create partition dim_date_202710: (psycopg2.errors.InvalidObjectDefinition) "dim_date" is not partitioned

[SQL: CREATE TABLE IF NOT EXISTS dim_date_202710 PARTITION OF dim_date FOR VALUES FROM (20271001) TO (20271101)]
(Background on this error at: https://sqlalche.me/e/20/f405)
[2026-03-02 03:23:32] WARNING  data_pipeline.DateLoader | Could not create partition dim_date_202711: (psycopg2.errors.InvalidObjectDefinition) "dim_date" is not partitioned

[SQL: CREATE TABLE IF NOT EXISTS dim_date_202711 PARTITION OF dim_date FOR VALUES FROM (20271101) TO (20271201)]
(Background on this error at: https://sqlalche.me/e/20/f405)
[2026-03-02 03:23:32] WARNING  data_pipeline.DateLoader | Could not create partition dim_date_202712: (psycopg2.errors.InvalidObjectDefinition) "dim_date" is not partitioned

[SQL: CREATE TABLE IF NOT EXISTS dim_date_202712 PARTITION OF dim_date FOR VALUES FROM (20271201) TO (20280101)]
(Background on this error at: https://sqlalche.me/e/20/f405)
[2026-03-02 03:23:32] INFO     data_pipeline.DateLoader | Batch 1: upserted 0/500 rows
[2026-03-02 03:23:32] INFO     data_pipeline.DateLoader | Batch 2: upserted 0/500 rows
[2026-03-02 03:23:32] INFO     data_pipeline.DateLoader | Batch 3: upserted 0/461 rows
[2026-03-02 03:23:32] INFO     data_pipeline.date_time_pipeline | Loaded 0 records → dim_date
[2026-03-02 03:24:21] INFO     data_pipeline.database | SQLAlchemy Engine created
[2026-03-02 03:24:21] INFO     data_pipeline.DateTimeTransformer | Generated 48 dim_month_year rows
[2026-03-02 03:24:21] INFO     data_pipeline.DateTimeTransformer | Generated 7 dim_shift rows
[2026-03-02 03:24:21] INFO     data_pipeline.DateTimeTransformer | Generated 1461 dim_date rows
[2026-03-02 03:24:21] INFO     data_pipeline.DateTimeTransformer | Generated 1440 dim_time_of_day rows
[2026-03-02 03:24:21] INFO     data_pipeline.MonthYearLoader | Batch 1: upserted 0/48 rows
[2026-03-02 03:24:21] INFO     data_pipeline.date_time_pipeline | Loaded 0 records → dim_month_year
[2026-03-02 03:24:21] INFO     data_pipeline.ShiftLoader | Batch 1: upserted 7/7 rows
[2026-03-02 03:24:21] INFO     data_pipeline.date_time_pipeline | Loaded 7 records → dim_shift
[2026-03-02 03:24:21] WARNING  data_pipeline.DateLoader | Could not create partition dim_date_202401: (psycopg2.errors.InvalidObjectDefinition) "dim_date" is not partitioned

[SQL: CREATE TABLE IF NOT EXISTS dim_date_202401 PARTITION OF dim_date FOR VALUES FROM (20240101) TO (20240201)]
(Background on this error at: https://sqlalche.me/e/20/f405)
[2026-03-02 03:24:21] WARNING  data_pipeline.DateLoader | Could not create partition dim_date_202402: (psycopg2.errors.InvalidObjectDefinition) "dim_date" is not partitioned

[SQL: CREATE TABLE IF NOT EXISTS dim_date_202402 PARTITION OF dim_date FOR VALUES FROM (20240201) TO (20240301)]
(Background on this error at: https://sqlalche.me/e/20/f405)
[2026-03-02 03:24:21] WARNING  data_pipeline.DateLoader | Could not create partition dim_date_202403: (psycopg2.errors.InvalidObjectDefinition) "dim_date" is not partitioned

[SQL: CREATE TABLE IF NOT EXISTS dim_date_202403 PARTITION OF dim_date FOR VALUES FROM (20240301) TO (20240401)]
(Background on this error at: https://sqlalche.me/e/20/f405)
[2026-03-02 03:24:21] WARNING  data_pipeline.DateLoader | Could not create partition dim_date_202404: (psycopg2.errors.InvalidObjectDefinition) "dim_date" is not partitioned

[SQL: CREATE TABLE IF NOT EXISTS dim_date_202404 PARTITION OF dim_date FOR VALUES FROM (20240401) TO (20240501)]
(Background on this error at: https://sqlalche.me/e/20/f405)
[2026-03-02 03:24:21] WARNING  data_pipeline.DateLoader | Could not create partition dim_date_202405: (psycopg2.errors.InvalidObjectDefinition) "dim_date" is not partitioned

[SQL: CREATE TABLE IF NOT EXISTS dim_date_202405 PARTITION OF dim_date FOR VALUES FROM (20240501) TO (20240601)]
(Background on this error at: https://sqlalche.me/e/20/f405)
[2026-03-02 03:24:21] WARNING  data_pipeline.DateLoader | Could not create partition dim_date_202406: (psycopg2.errors.InvalidObjectDefinition) "dim_date" is not partitioned

[SQL: CREATE TABLE IF NOT EXISTS dim_date_202406 PARTITION OF dim_date FOR VALUES FROM (20240601) TO (20240701)]
(Background on this error at: https://sqlalche.me/e/20/f405)
[2026-03-02 03:24:21] WARNING  data_pipeline.DateLoader | Could not create partition dim_date_202407: (psycopg2.errors.InvalidObjectDefinition) "dim_date" is not partitioned

[SQL: CREATE TABLE IF NOT EXISTS dim_date_202407 PARTITION OF dim_date FOR VALUES FROM (20240701) TO (20240801)]
(Background on this error at: https://sqlalche.me/e/20/f405)
[2026-03-02 03:24:21] WARNING  data_pipeline.DateLoader | Could not create partition dim_date_202408: (psycopg2.errors.InvalidObjectDefinition) "dim_date" is not partitioned

[SQL: CREATE TABLE IF NOT EXISTS dim_date_202408 PARTITION OF dim_date FOR VALUES FROM (20240801) TO (20240901)]
(Background on this error at: https://sqlalche.me/e/20/f405)
[2026-03-02 03:24:21] WARNING  data_pipeline.DateLoader | Could not create partition dim_date_202409: (psycopg2.errors.InvalidObjectDefinition) "dim_date" is not partitioned

[SQL: CREATE TABLE IF NOT EXISTS dim_date_202409 PARTITION OF dim_date FOR VALUES FROM (20240901) TO (20241001)]
(Background on this error at: https://sqlalche.me/e/20/f405)
[2026-03-02 03:24:21] WARNING  data_pipeline.DateLoader | Could not create partition dim_date_202410: (psycopg2.errors.InvalidObjectDefinition) "dim_date" is not partitioned

[SQL: CREATE TABLE IF NOT EXISTS dim_date_202410 PARTITION OF dim_date FOR VALUES FROM (20241001) TO (20241101)]
(Background on this error at: https://sqlalche.me/e/20/f405)
[2026-03-02 03:24:21] WARNING  data_pipeline.DateLoader | Could not create partition dim_date_202411: (psycopg2.errors.InvalidObjectDefinition) "dim_date" is not partitioned

[SQL: CREATE TABLE IF NOT EXISTS dim_date_202411 PARTITION OF dim_date FOR VALUES FROM (20241101) TO (20241201)]
(Background on this error at: https://sqlalche.me/e/20/f405)
[2026-03-02 03:24:21] WARNING  data_pipeline.DateLoader | Could not create partition dim_date_202412: (psycopg2.errors.InvalidObjectDefinition) "dim_date" is not partitioned

[SQL: CREATE TABLE IF NOT EXISTS dim_date_202412 PARTITION OF dim_date FOR VALUES FROM (20241201) TO (20250101)]
(Background on this error at: https://sqlalche.me/e/20/f405)
[2026-03-02 03:24:21] WARNING  data_pipeline.DateLoader | Could not create partition dim_date_202501: (psycopg2.errors.InvalidObjectDefinition) "dim_date" is not partitioned

[SQL: CREATE TABLE IF NOT EXISTS dim_date_202501 PARTITION OF dim_date FOR VALUES FROM (20250101) TO (20250201)]
(Background on this error at: https://sqlalche.me/e/20/f405)
[2026-03-02 03:24:21] WARNING  data_pipeline.DateLoader | Could not create partition dim_date_202502: (psycopg2.errors.InvalidObjectDefinition) "dim_date" is not partitioned

[SQL: CREATE TABLE IF NOT EXISTS dim_date_202502 PARTITION OF dim_date FOR VALUES FROM (20250201) TO (20250301)]
(Background on this error at: https://sqlalche.me/e/20/f405)
[2026-03-02 03:24:21] WARNING  data_pipeline.DateLoader | Could not create partition dim_date_202503: (psycopg2.errors.InvalidObjectDefinition) "dim_date" is not partitioned

[SQL: CREATE TABLE IF NOT EXISTS dim_date_202503 PARTITION OF dim_date FOR VALUES FROM (20250301) TO (20250401)]
(Background on this error at: https://sqlalche.me/e/20/f405)
[2026-03-02 03:24:21] WARNING  data_pipeline.DateLoader | Could not create partition dim_date_202504: (psycopg2.errors.InvalidObjectDefinition) "dim_date" is not partitioned

[SQL: CREATE TABLE IF NOT EXISTS dim_date_202504 PARTITION OF dim_date FOR VALUES FROM (20250401) TO (20250501)]
(Background on this error at: https://sqlalche.me/e/20/f405)
[2026-03-02 03:24:21] WARNING  data_pipeline.DateLoader | Could not create partition dim_date_202505: (psycopg2.errors.InvalidObjectDefinition) "dim_date" is not partitioned

[SQL: CREATE TABLE IF NOT EXISTS dim_date_202505 PARTITION OF dim_date FOR VALUES FROM (20250501) TO (20250601)]
(Background on this error at: https://sqlalche.me/e/20/f405)
[2026-03-02 03:24:21] WARNING  data_pipeline.DateLoader | Could not create partition dim_date_202506: (psycopg2.errors.InvalidObjectDefinition) "dim_date" is not partitioned

[SQL: CREATE TABLE IF NOT EXISTS dim_date_202506 PARTITION OF dim_date FOR VALUES FROM (20250601) TO (20250701)]
(Background on this error at: https://sqlalche.me/e/20/f405)
[2026-03-02 03:24:21] WARNING  data_pipeline.DateLoader | Could not create partition dim_date_202507: (psycopg2.errors.InvalidObjectDefinition) "dim_date" is not partitioned

[SQL: CREATE TABLE IF NOT EXISTS dim_date_202507 PARTITION OF dim_date FOR VALUES FROM (20250701) TO (20250801)]
(Background on this error at: https://sqlalche.me/e/20/f405)
[2026-03-02 03:24:21] WARNING  data_pipeline.DateLoader | Could not create partition dim_date_202508: (psycopg2.errors.InvalidObjectDefinition) "dim_date" is not partitioned

[SQL: CREATE TABLE IF NOT EXISTS dim_date_202508 PARTITION OF dim_date FOR VALUES FROM (20250801) TO (20250901)]
(Background on this error at: https://sqlalche.me/e/20/f405)
[2026-03-02 03:24:21] WARNING  data_pipeline.DateLoader | Could not create partition dim_date_202509: (psycopg2.errors.InvalidObjectDefinition) "dim_date" is not partitioned

[SQL: CREATE TABLE IF NOT EXISTS dim_date_202509 PARTITION OF dim_date FOR VALUES FROM (20250901) TO (20251001)]
(Background on this error at: https://sqlalche.me/e/20/f405)
[2026-03-02 03:24:21] WARNING  data_pipeline.DateLoader | Could not create partition dim_date_202510: (psycopg2.errors.InvalidObjectDefinition) "dim_date" is not partitioned

[SQL: CREATE TABLE IF NOT EXISTS dim_date_202510 PARTITION OF dim_date FOR VALUES FROM (20251001) TO (20251101)]
(Background on this error at: https://sqlalche.me/e/20/f405)
[2026-03-02 03:24:21] WARNING  data_pipeline.DateLoader | Could not create partition dim_date_202511: (psycopg2.errors.InvalidObjectDefinition) "dim_date" is not partitioned

[SQL: CREATE TABLE IF NOT EXISTS dim_date_202511 PARTITION OF dim_date FOR VALUES FROM (20251101) TO (20251201)]
(Background on this error at: https://sqlalche.me/e/20/f405)
[2026-03-02 03:24:21] WARNING  data_pipeline.DateLoader | Could not create partition dim_date_202512: (psycopg2.errors.InvalidObjectDefinition) "dim_date" is not partitioned

[SQL: CREATE TABLE IF NOT EXISTS dim_date_202512 PARTITION OF dim_date FOR VALUES FROM (20251201) TO (20260101)]
(Background on this error at: https://sqlalche.me/e/20/f405)
[2026-03-02 03:24:21] WARNING  data_pipeline.DateLoader | Could not create partition dim_date_202601: (psycopg2.errors.InvalidObjectDefinition) "dim_date" is not partitioned

[SQL: CREATE TABLE IF NOT EXISTS dim_date_202601 PARTITION OF dim_date FOR VALUES FROM (20260101) TO (20260201)]
(Background on this error at: https://sqlalche.me/e/20/f405)
[2026-03-02 03:24:21] WARNING  data_pipeline.DateLoader | Could not create partition dim_date_202602: (psycopg2.errors.InvalidObjectDefinition) "dim_date" is not partitioned

[SQL: CREATE TABLE IF NOT EXISTS dim_date_202602 PARTITION OF dim_date FOR VALUES FROM (20260201) TO (20260301)]
(Background on this error at: https://sqlalche.me/e/20/f405)
[2026-03-02 03:24:21] WARNING  data_pipeline.DateLoader | Could not create partition dim_date_202603: (psycopg2.errors.InvalidObjectDefinition) "dim_date" is not partitioned

[SQL: CREATE TABLE IF NOT EXISTS dim_date_202603 PARTITION OF dim_date FOR VALUES FROM (20260301) TO (20260401)]
(Background on this error at: https://sqlalche.me/e/20/f405)
[2026-03-02 03:24:21] WARNING  data_pipeline.DateLoader | Could not create partition dim_date_202604: (psycopg2.errors.InvalidObjectDefinition) "dim_date" is not partitioned

[SQL: CREATE TABLE IF NOT EXISTS dim_date_202604 PARTITION OF dim_date FOR VALUES FROM (20260401) TO (20260501)]
(Background on this error at: https://sqlalche.me/e/20/f405)
[2026-03-02 03:24:21] WARNING  data_pipeline.DateLoader | Could not create partition dim_date_202605: (psycopg2.errors.InvalidObjectDefinition) "dim_date" is not partitioned

[SQL: CREATE TABLE IF NOT EXISTS dim_date_202605 PARTITION OF dim_date FOR VALUES FROM (20260501) TO (20260601)]
(Background on this error at: https://sqlalche.me/e/20/f405)
[2026-03-02 03:24:21] WARNING  data_pipeline.DateLoader | Could not create partition dim_date_202606: (psycopg2.errors.InvalidObjectDefinition) "dim_date" is not partitioned

[SQL: CREATE TABLE IF NOT EXISTS dim_date_202606 PARTITION OF dim_date FOR VALUES FROM (20260601) TO (20260701)]
(Background on this error at: https://sqlalche.me/e/20/f405)
[2026-03-02 03:24:21] WARNING  data_pipeline.DateLoader | Could not create partition dim_date_202607: (psycopg2.errors.InvalidObjectDefinition) "dim_date" is not partitioned

[SQL: CREATE TABLE IF NOT EXISTS dim_date_202607 PARTITION OF dim_date FOR VALUES FROM (20260701) TO (20260801)]
(Background on this error at: https://sqlalche.me/e/20/f405)
[2026-03-02 03:24:21] WARNING  data_pipeline.DateLoader | Could not create partition dim_date_202608: (psycopg2.errors.InvalidObjectDefinition) "dim_date" is not partitioned

[SQL: CREATE TABLE IF NOT EXISTS dim_date_202608 PARTITION OF dim_date FOR VALUES FROM (20260801) TO (20260901)]
(Background on this error at: https://sqlalche.me/e/20/f405)
[2026-03-02 03:24:21] WARNING  data_pipeline.DateLoader | Could not create partition dim_date_202609: (psycopg2.errors.InvalidObjectDefinition) "dim_date" is not partitioned

[SQL: CREATE TABLE IF NOT EXISTS dim_date_202609 PARTITION OF dim_date FOR VALUES FROM (20260901) TO (20261001)]
(Background on this error at: https://sqlalche.me/e/20/f405)
[2026-03-02 03:24:21] WARNING  data_pipeline.DateLoader | Could not create partition dim_date_202610: (psycopg2.errors.InvalidObjectDefinition) "dim_date" is not partitioned

[SQL: CREATE TABLE IF NOT EXISTS dim_date_202610 PARTITION OF dim_date FOR VALUES FROM (20261001) TO (20261101)]
(Background on this error at: https://sqlalche.me/e/20/f405)
[2026-03-02 03:24:21] WARNING  data_pipeline.DateLoader | Could not create partition dim_date_202611: (psycopg2.errors.InvalidObjectDefinition) "dim_date" is not partitioned

[SQL: CREATE TABLE IF NOT EXISTS dim_date_202611 PARTITION OF dim_date FOR VALUES FROM (20261101) TO (20261201)]
(Background on this error at: https://sqlalche.me/e/20/f405)
[2026-03-02 03:24:21] WARNING  data_pipeline.DateLoader | Could not create partition dim_date_202612: (psycopg2.errors.InvalidObjectDefinition) "dim_date" is not partitioned

[SQL: CREATE TABLE IF NOT EXISTS dim_date_202612 PARTITION OF dim_date FOR VALUES FROM (20261201) TO (20270101)]
(Background on this error at: https://sqlalche.me/e/20/f405)
[2026-03-02 03:24:21] WARNING  data_pipeline.DateLoader | Could not create partition dim_date_202701: (psycopg2.errors.InvalidObjectDefinition) "dim_date" is not partitioned

[SQL: CREATE TABLE IF NOT EXISTS dim_date_202701 PARTITION OF dim_date FOR VALUES FROM (20270101) TO (20270201)]
(Background on this error at: https://sqlalche.me/e/20/f405)
[2026-03-02 03:24:21] WARNING  data_pipeline.DateLoader | Could not create partition dim_date_202702: (psycopg2.errors.InvalidObjectDefinition) "dim_date" is not partitioned

[SQL: CREATE TABLE IF NOT EXISTS dim_date_202702 PARTITION OF dim_date FOR VALUES FROM (20270201) TO (20270301)]
(Background on this error at: https://sqlalche.me/e/20/f405)
[2026-03-02 03:24:21] WARNING  data_pipeline.DateLoader | Could not create partition dim_date_202703: (psycopg2.errors.InvalidObjectDefinition) "dim_date" is not partitioned

[SQL: CREATE TABLE IF NOT EXISTS dim_date_202703 PARTITION OF dim_date FOR VALUES FROM (20270301) TO (20270401)]
(Background on this error at: https://sqlalche.me/e/20/f405)
[2026-03-02 03:24:21] WARNING  data_pipeline.DateLoader | Could not create partition dim_date_202704: (psycopg2.errors.InvalidObjectDefinition) "dim_date" is not partitioned

[SQL: CREATE TABLE IF NOT EXISTS dim_date_202704 PARTITION OF dim_date FOR VALUES FROM (20270401) TO (20270501)]
(Background on this error at: https://sqlalche.me/e/20/f405)
[2026-03-02 03:24:21] WARNING  data_pipeline.DateLoader | Could not create partition dim_date_202705: (psycopg2.errors.InvalidObjectDefinition) "dim_date" is not partitioned

[SQL: CREATE TABLE IF NOT EXISTS dim_date_202705 PARTITION OF dim_date FOR VALUES FROM (20270501) TO (20270601)]
(Background on this error at: https://sqlalche.me/e/20/f405)
[2026-03-02 03:24:21] WARNING  data_pipeline.DateLoader | Could not create partition dim_date_202706: (psycopg2.errors.InvalidObjectDefinition) "dim_date" is not partitioned

[SQL: CREATE TABLE IF NOT EXISTS dim_date_202706 PARTITION OF dim_date FOR VALUES FROM (20270601) TO (20270701)]
(Background on this error at: https://sqlalche.me/e/20/f405)
[2026-03-02 03:24:21] WARNING  data_pipeline.DateLoader | Could not create partition dim_date_202707: (psycopg2.errors.InvalidObjectDefinition) "dim_date" is not partitioned

[SQL: CREATE TABLE IF NOT EXISTS dim_date_202707 PARTITION OF dim_date FOR VALUES FROM (20270701) TO (20270801)]
(Background on this error at: https://sqlalche.me/e/20/f405)
[2026-03-02 03:24:21] WARNING  data_pipeline.DateLoader | Could not create partition dim_date_202708: (psycopg2.errors.InvalidObjectDefinition) "dim_date" is not partitioned

[SQL: CREATE TABLE IF NOT EXISTS dim_date_202708 PARTITION OF dim_date FOR VALUES FROM (20270801) TO (20270901)]
(Background on this error at: https://sqlalche.me/e/20/f405)
[2026-03-02 03:24:21] WARNING  data_pipeline.DateLoader | Could not create partition dim_date_202709: (psycopg2.errors.InvalidObjectDefinition) "dim_date" is not partitioned

[SQL: CREATE TABLE IF NOT EXISTS dim_date_202709 PARTITION OF dim_date FOR VALUES FROM (20270901) TO (20271001)]
(Background on this error at: https://sqlalche.me/e/20/f405)
[2026-03-02 03:24:21] WARNING  data_pipeline.DateLoader | Could not create partition dim_date_202710: (psycopg2.errors.InvalidObjectDefinition) "dim_date" is not partitioned

[SQL: CREATE TABLE IF NOT EXISTS dim_date_202710 PARTITION OF dim_date FOR VALUES FROM (20271001) TO (20271101)]
(Background on this error at: https://sqlalche.me/e/20/f405)
[2026-03-02 03:24:21] WARNING  data_pipeline.DateLoader | Could not create partition dim_date_202711: (psycopg2.errors.InvalidObjectDefinition) "dim_date" is not partitioned

[SQL: CREATE TABLE IF NOT EXISTS dim_date_202711 PARTITION OF dim_date FOR VALUES FROM (20271101) TO (20271201)]
(Background on this error at: https://sqlalche.me/e/20/f405)
[2026-03-02 03:24:21] WARNING  data_pipeline.DateLoader | Could not create partition dim_date_202712: (psycopg2.errors.InvalidObjectDefinition) "dim_date" is not partitioned

[SQL: CREATE TABLE IF NOT EXISTS dim_date_202712 PARTITION OF dim_date FOR VALUES FROM (20271201) TO (20280101)]
(Background on this error at: https://sqlalche.me/e/20/f405)
[2026-03-02 03:24:21] INFO     data_pipeline.DateLoader | Batch 1: upserted 0/500 rows
[2026-03-02 03:24:21] INFO     data_pipeline.DateLoader | Batch 2: upserted 0/500 rows
[2026-03-02 03:24:21] INFO     data_pipeline.DateLoader | Batch 3: upserted 0/461 rows
[2026-03-02 03:24:21] INFO     data_pipeline.date_time_pipeline | Loaded 0 records → dim_date
[2026-03-02 03:24:43] INFO     data_pipeline.database | SQLAlchemy Engine created
[2026-03-02 03:24:43] INFO     data_pipeline.DateTimeTransformer | Generated 48 dim_month_year rows
[2026-03-02 03:24:43] INFO     data_pipeline.DateTimeTransformer | Generated 7 dim_shift rows
[2026-03-02 03:24:43] INFO     data_pipeline.DateTimeTransformer | Generated 1461 dim_date rows
[2026-03-02 03:24:43] INFO     data_pipeline.DateTimeTransformer | Generated 1440 dim_time_of_day rows
[2026-03-02 03:24:43] INFO     data_pipeline.MonthYearLoader | Batch 1: upserted 0/48 rows
[2026-03-02 03:24:43] INFO     data_pipeline.date_time_pipeline | Loaded 0 records → dim_month_year
[2026-03-02 03:24:43] INFO     data_pipeline.ShiftLoader | Batch 1: upserted 7/7 rows
[2026-03-02 03:24:43] INFO     data_pipeline.date_time_pipeline | Loaded 7 records → dim_shift
[2026-03-02 03:24:43] WARNING  data_pipeline.DateLoader | Could not create partition dim_date_202401: (psycopg2.errors.InvalidObjectDefinition) "dim_date" is not partitioned

[SQL: CREATE TABLE IF NOT EXISTS dim_date_202401 PARTITION OF dim_date FOR VALUES FROM (20240101) TO (20240201)]
(Background on this error at: https://sqlalche.me/e/20/f405)
[2026-03-02 03:24:43] WARNING  data_pipeline.DateLoader | Could not create partition dim_date_202402: (psycopg2.errors.InvalidObjectDefinition) "dim_date" is not partitioned

[SQL: CREATE TABLE IF NOT EXISTS dim_date_202402 PARTITION OF dim_date FOR VALUES FROM (20240201) TO (20240301)]
(Background on this error at: https://sqlalche.me/e/20/f405)
[2026-03-02 03:24:43] WARNING  data_pipeline.DateLoader | Could not create partition dim_date_202403: (psycopg2.errors.InvalidObjectDefinition) "dim_date" is not partitioned

[SQL: CREATE TABLE IF NOT EXISTS dim_date_202403 PARTITION OF dim_date FOR VALUES FROM (20240301) TO (20240401)]
(Background on this error at: https://sqlalche.me/e/20/f405)
[2026-03-02 03:24:43] WARNING  data_pipeline.DateLoader | Could not create partition dim_date_202404: (psycopg2.errors.InvalidObjectDefinition) "dim_date" is not partitioned

[SQL: CREATE TABLE IF NOT EXISTS dim_date_202404 PARTITION OF dim_date FOR VALUES FROM (20240401) TO (20240501)]
(Background on this error at: https://sqlalche.me/e/20/f405)
[2026-03-02 03:24:43] WARNING  data_pipeline.DateLoader | Could not create partition dim_date_202405: (psycopg2.errors.InvalidObjectDefinition) "dim_date" is not partitioned

[SQL: CREATE TABLE IF NOT EXISTS dim_date_202405 PARTITION OF dim_date FOR VALUES FROM (20240501) TO (20240601)]
(Background on this error at: https://sqlalche.me/e/20/f405)
[2026-03-02 03:24:43] WARNING  data_pipeline.DateLoader | Could not create partition dim_date_202406: (psycopg2.errors.InvalidObjectDefinition) "dim_date" is not partitioned

[SQL: CREATE TABLE IF NOT EXISTS dim_date_202406 PARTITION OF dim_date FOR VALUES FROM (20240601) TO (20240701)]
(Background on this error at: https://sqlalche.me/e/20/f405)
[2026-03-02 03:24:43] WARNING  data_pipeline.DateLoader | Could not create partition dim_date_202407: (psycopg2.errors.InvalidObjectDefinition) "dim_date" is not partitioned

[SQL: CREATE TABLE IF NOT EXISTS dim_date_202407 PARTITION OF dim_date FOR VALUES FROM (20240701) TO (20240801)]
(Background on this error at: https://sqlalche.me/e/20/f405)
[2026-03-02 03:24:43] WARNING  data_pipeline.DateLoader | Could not create partition dim_date_202408: (psycopg2.errors.InvalidObjectDefinition) "dim_date" is not partitioned

[SQL: CREATE TABLE IF NOT EXISTS dim_date_202408 PARTITION OF dim_date FOR VALUES FROM (20240801) TO (20240901)]
(Background on this error at: https://sqlalche.me/e/20/f405)
[2026-03-02 03:24:43] WARNING  data_pipeline.DateLoader | Could not create partition dim_date_202409: (psycopg2.errors.InvalidObjectDefinition) "dim_date" is not partitioned

[SQL: CREATE TABLE IF NOT EXISTS dim_date_202409 PARTITION OF dim_date FOR VALUES FROM (20240901) TO (20241001)]
(Background on this error at: https://sqlalche.me/e/20/f405)
[2026-03-02 03:24:43] WARNING  data_pipeline.DateLoader | Could not create partition dim_date_202410: (psycopg2.errors.InvalidObjectDefinition) "dim_date" is not partitioned

[SQL: CREATE TABLE IF NOT EXISTS dim_date_202410 PARTITION OF dim_date FOR VALUES FROM (20241001) TO (20241101)]
(Background on this error at: https://sqlalche.me/e/20/f405)
[2026-03-02 03:24:43] WARNING  data_pipeline.DateLoader | Could not create partition dim_date_202411: (psycopg2.errors.InvalidObjectDefinition) "dim_date" is not partitioned

[SQL: CREATE TABLE IF NOT EXISTS dim_date_202411 PARTITION OF dim_date FOR VALUES FROM (20241101) TO (20241201)]
(Background on this error at: https://sqlalche.me/e/20/f405)
[2026-03-02 03:24:43] WARNING  data_pipeline.DateLoader | Could not create partition dim_date_202412: (psycopg2.errors.InvalidObjectDefinition) "dim_date" is not partitioned

[SQL: CREATE TABLE IF NOT EXISTS dim_date_202412 PARTITION OF dim_date FOR VALUES FROM (20241201) TO (20250101)]
(Background on this error at: https://sqlalche.me/e/20/f405)
[2026-03-02 03:24:43] WARNING  data_pipeline.DateLoader | Could not create partition dim_date_202501: (psycopg2.errors.InvalidObjectDefinition) "dim_date" is not partitioned

[SQL: CREATE TABLE IF NOT EXISTS dim_date_202501 PARTITION OF dim_date FOR VALUES FROM (20250101) TO (20250201)]
(Background on this error at: https://sqlalche.me/e/20/f405)
[2026-03-02 03:24:43] WARNING  data_pipeline.DateLoader | Could not create partition dim_date_202502: (psycopg2.errors.InvalidObjectDefinition) "dim_date" is not partitioned

[SQL: CREATE TABLE IF NOT EXISTS dim_date_202502 PARTITION OF dim_date FOR VALUES FROM (20250201) TO (20250301)]
(Background on this error at: https://sqlalche.me/e/20/f405)
[2026-03-02 03:24:43] WARNING  data_pipeline.DateLoader | Could not create partition dim_date_202503: (psycopg2.errors.InvalidObjectDefinition) "dim_date" is not partitioned

[SQL: CREATE TABLE IF NOT EXISTS dim_date_202503 PARTITION OF dim_date FOR VALUES FROM (20250301) TO (20250401)]
(Background on this error at: https://sqlalche.me/e/20/f405)
[2026-03-02 03:24:43] WARNING  data_pipeline.DateLoader | Could not create partition dim_date_202504: (psycopg2.errors.InvalidObjectDefinition) "dim_date" is not partitioned

[SQL: CREATE TABLE IF NOT EXISTS dim_date_202504 PARTITION OF dim_date FOR VALUES FROM (20250401) TO (20250501)]
(Background on this error at: https://sqlalche.me/e/20/f405)
[2026-03-02 03:24:43] WARNING  data_pipeline.DateLoader | Could not create partition dim_date_202505: (psycopg2.errors.InvalidObjectDefinition) "dim_date" is not partitioned

[SQL: CREATE TABLE IF NOT EXISTS dim_date_202505 PARTITION OF dim_date FOR VALUES FROM (20250501) TO (20250601)]
(Background on this error at: https://sqlalche.me/e/20/f405)
[2026-03-02 03:24:43] WARNING  data_pipeline.DateLoader | Could not create partition dim_date_202506: (psycopg2.errors.InvalidObjectDefinition) "dim_date" is not partitioned

[SQL: CREATE TABLE IF NOT EXISTS dim_date_202506 PARTITION OF dim_date FOR VALUES FROM (20250601) TO (20250701)]
(Background on this error at: https://sqlalche.me/e/20/f405)
[2026-03-02 03:24:43] WARNING  data_pipeline.DateLoader | Could not create partition dim_date_202507: (psycopg2.errors.InvalidObjectDefinition) "dim_date" is not partitioned

[SQL: CREATE TABLE IF NOT EXISTS dim_date_202507 PARTITION OF dim_date FOR VALUES FROM (20250701) TO (20250801)]
(Background on this error at: https://sqlalche.me/e/20/f405)
[2026-03-02 03:24:43] WARNING  data_pipeline.DateLoader | Could not create partition dim_date_202508: (psycopg2.errors.InvalidObjectDefinition) "dim_date" is not partitioned

[SQL: CREATE TABLE IF NOT EXISTS dim_date_202508 PARTITION OF dim_date FOR VALUES FROM (20250801) TO (20250901)]
(Background on this error at: https://sqlalche.me/e/20/f405)
[2026-03-02 03:24:43] WARNING  data_pipeline.DateLoader | Could not create partition dim_date_202509: (psycopg2.errors.InvalidObjectDefinition) "dim_date" is not partitioned

[SQL: CREATE TABLE IF NOT EXISTS dim_date_202509 PARTITION OF dim_date FOR VALUES FROM (20250901) TO (20251001)]
(Background on this error at: https://sqlalche.me/e/20/f405)
[2026-03-02 03:24:43] WARNING  data_pipeline.DateLoader | Could not create partition dim_date_202510: (psycopg2.errors.InvalidObjectDefinition) "dim_date" is not partitioned

[SQL: CREATE TABLE IF NOT EXISTS dim_date_202510 PARTITION OF dim_date FOR VALUES FROM (20251001) TO (20251101)]
(Background on this error at: https://sqlalche.me/e/20/f405)
[2026-03-02 03:24:43] WARNING  data_pipeline.DateLoader | Could not create partition dim_date_202511: (psycopg2.errors.InvalidObjectDefinition) "dim_date" is not partitioned

[SQL: CREATE TABLE IF NOT EXISTS dim_date_202511 PARTITION OF dim_date FOR VALUES FROM (20251101) TO (20251201)]
(Background on this error at: https://sqlalche.me/e/20/f405)
[2026-03-02 03:24:44] WARNING  data_pipeline.DateLoader | Could not create partition dim_date_202512: (psycopg2.errors.InvalidObjectDefinition) "dim_date" is not partitioned

[SQL: CREATE TABLE IF NOT EXISTS dim_date_202512 PARTITION OF dim_date FOR VALUES FROM (20251201) TO (20260101)]
(Background on this error at: https://sqlalche.me/e/20/f405)
[2026-03-02 03:24:44] WARNING  data_pipeline.DateLoader | Could not create partition dim_date_202601: (psycopg2.errors.InvalidObjectDefinition) "dim_date" is not partitioned

[SQL: CREATE TABLE IF NOT EXISTS dim_date_202601 PARTITION OF dim_date FOR VALUES FROM (20260101) TO (20260201)]
(Background on this error at: https://sqlalche.me/e/20/f405)
[2026-03-02 03:24:44] WARNING  data_pipeline.DateLoader | Could not create partition dim_date_202602: (psycopg2.errors.InvalidObjectDefinition) "dim_date" is not partitioned

[SQL: CREATE TABLE IF NOT EXISTS dim_date_202602 PARTITION OF dim_date FOR VALUES FROM (20260201) TO (20260301)]
(Background on this error at: https://sqlalche.me/e/20/f405)
[2026-03-02 03:24:44] WARNING  data_pipeline.DateLoader | Could not create partition dim_date_202603: (psycopg2.errors.InvalidObjectDefinition) "dim_date" is not partitioned

[SQL: CREATE TABLE IF NOT EXISTS dim_date_202603 PARTITION OF dim_date FOR VALUES FROM (20260301) TO (20260401)]
(Background on this error at: https://sqlalche.me/e/20/f405)
[2026-03-02 03:24:44] WARNING  data_pipeline.DateLoader | Could not create partition dim_date_202604: (psycopg2.errors.InvalidObjectDefinition) "dim_date" is not partitioned

[SQL: CREATE TABLE IF NOT EXISTS dim_date_202604 PARTITION OF dim_date FOR VALUES FROM (20260401) TO (20260501)]
(Background on this error at: https://sqlalche.me/e/20/f405)
[2026-03-02 03:24:44] WARNING  data_pipeline.DateLoader | Could not create partition dim_date_202605: (psycopg2.errors.InvalidObjectDefinition) "dim_date" is not partitioned

[SQL: CREATE TABLE IF NOT EXISTS dim_date_202605 PARTITION OF dim_date FOR VALUES FROM (20260501) TO (20260601)]
(Background on this error at: https://sqlalche.me/e/20/f405)
[2026-03-02 03:24:44] WARNING  data_pipeline.DateLoader | Could not create partition dim_date_202606: (psycopg2.errors.InvalidObjectDefinition) "dim_date" is not partitioned

[SQL: CREATE TABLE IF NOT EXISTS dim_date_202606 PARTITION OF dim_date FOR VALUES FROM (20260601) TO (20260701)]
(Background on this error at: https://sqlalche.me/e/20/f405)
[2026-03-02 03:24:44] WARNING  data_pipeline.DateLoader | Could not create partition dim_date_202607: (psycopg2.errors.InvalidObjectDefinition) "dim_date" is not partitioned

[SQL: CREATE TABLE IF NOT EXISTS dim_date_202607 PARTITION OF dim_date FOR VALUES FROM (20260701) TO (20260801)]
(Background on this error at: https://sqlalche.me/e/20/f405)
[2026-03-02 03:24:44] WARNING  data_pipeline.DateLoader | Could not create partition dim_date_202608: (psycopg2.errors.InvalidObjectDefinition) "dim_date" is not partitioned

[SQL: CREATE TABLE IF NOT EXISTS dim_date_202608 PARTITION OF dim_date FOR VALUES FROM (20260801) TO (20260901)]
(Background on this error at: https://sqlalche.me/e/20/f405)
[2026-03-02 03:24:44] WARNING  data_pipeline.DateLoader | Could not create partition dim_date_202609: (psycopg2.errors.InvalidObjectDefinition) "dim_date" is not partitioned

[SQL: CREATE TABLE IF NOT EXISTS dim_date_202609 PARTITION OF dim_date FOR VALUES FROM (20260901) TO (20261001)]
(Background on this error at: https://sqlalche.me/e/20/f405)
[2026-03-02 03:24:44] WARNING  data_pipeline.DateLoader | Could not create partition dim_date_202610: (psycopg2.errors.InvalidObjectDefinition) "dim_date" is not partitioned

[SQL: CREATE TABLE IF NOT EXISTS dim_date_202610 PARTITION OF dim_date FOR VALUES FROM (20261001) TO (20261101)]
(Background on this error at: https://sqlalche.me/e/20/f405)
[2026-03-02 03:24:44] WARNING  data_pipeline.DateLoader | Could not create partition dim_date_202611: (psycopg2.errors.InvalidObjectDefinition) "dim_date" is not partitioned

[SQL: CREATE TABLE IF NOT EXISTS dim_date_202611 PARTITION OF dim_date FOR VALUES FROM (20261101) TO (20261201)]
(Background on this error at: https://sqlalche.me/e/20/f405)
[2026-03-02 03:24:44] WARNING  data_pipeline.DateLoader | Could not create partition dim_date_202612: (psycopg2.errors.InvalidObjectDefinition) "dim_date" is not partitioned

[SQL: CREATE TABLE IF NOT EXISTS dim_date_202612 PARTITION OF dim_date FOR VALUES FROM (20261201) TO (20270101)]
(Background on this error at: https://sqlalche.me/e/20/f405)
[2026-03-02 03:24:44] WARNING  data_pipeline.DateLoader | Could not create partition dim_date_202701: (psycopg2.errors.InvalidObjectDefinition) "dim_date" is not partitioned

[SQL: CREATE TABLE IF NOT EXISTS dim_date_202701 PARTITION OF dim_date FOR VALUES FROM (20270101) TO (20270201)]
(Background on this error at: https://sqlalche.me/e/20/f405)
[2026-03-02 03:24:44] WARNING  data_pipeline.DateLoader | Could not create partition dim_date_202702: (psycopg2.errors.InvalidObjectDefinition) "dim_date" is not partitioned

[SQL: CREATE TABLE IF NOT EXISTS dim_date_202702 PARTITION OF dim_date FOR VALUES FROM (20270201) TO (20270301)]
(Background on this error at: https://sqlalche.me/e/20/f405)
[2026-03-02 03:24:44] WARNING  data_pipeline.DateLoader | Could not create partition dim_date_202703: (psycopg2.errors.InvalidObjectDefinition) "dim_date" is not partitioned

[SQL: CREATE TABLE IF NOT EXISTS dim_date_202703 PARTITION OF dim_date FOR VALUES FROM (20270301) TO (20270401)]
(Background on this error at: https://sqlalche.me/e/20/f405)
[2026-03-02 03:24:44] WARNING  data_pipeline.DateLoader | Could not create partition dim_date_202704: (psycopg2.errors.InvalidObjectDefinition) "dim_date" is not partitioned

[SQL: CREATE TABLE IF NOT EXISTS dim_date_202704 PARTITION OF dim_date FOR VALUES FROM (20270401) TO (20270501)]
(Background on this error at: https://sqlalche.me/e/20/f405)
[2026-03-02 03:24:44] WARNING  data_pipeline.DateLoader | Could not create partition dim_date_202705: (psycopg2.errors.InvalidObjectDefinition) "dim_date" is not partitioned

[SQL: CREATE TABLE IF NOT EXISTS dim_date_202705 PARTITION OF dim_date FOR VALUES FROM (20270501) TO (20270601)]
(Background on this error at: https://sqlalche.me/e/20/f405)
[2026-03-02 03:24:44] WARNING  data_pipeline.DateLoader | Could not create partition dim_date_202706: (psycopg2.errors.InvalidObjectDefinition) "dim_date" is not partitioned

[SQL: CREATE TABLE IF NOT EXISTS dim_date_202706 PARTITION OF dim_date FOR VALUES FROM (20270601) TO (20270701)]
(Background on this error at: https://sqlalche.me/e/20/f405)
[2026-03-02 03:24:44] WARNING  data_pipeline.DateLoader | Could not create partition dim_date_202707: (psycopg2.errors.InvalidObjectDefinition) "dim_date" is not partitioned

[SQL: CREATE TABLE IF NOT EXISTS dim_date_202707 PARTITION OF dim_date FOR VALUES FROM (20270701) TO (20270801)]
(Background on this error at: https://sqlalche.me/e/20/f405)
[2026-03-02 03:24:44] WARNING  data_pipeline.DateLoader | Could not create partition dim_date_202708: (psycopg2.errors.InvalidObjectDefinition) "dim_date" is not partitioned

[SQL: CREATE TABLE IF NOT EXISTS dim_date_202708 PARTITION OF dim_date FOR VALUES FROM (20270801) TO (20270901)]
(Background on this error at: https://sqlalche.me/e/20/f405)
[2026-03-02 03:24:44] WARNING  data_pipeline.DateLoader | Could not create partition dim_date_202709: (psycopg2.errors.InvalidObjectDefinition) "dim_date" is not partitioned

[SQL: CREATE TABLE IF NOT EXISTS dim_date_202709 PARTITION OF dim_date FOR VALUES FROM (20270901) TO (20271001)]
(Background on this error at: https://sqlalche.me/e/20/f405)
[2026-03-02 03:24:44] WARNING  data_pipeline.DateLoader | Could not create partition dim_date_202710: (psycopg2.errors.InvalidObjectDefinition) "dim_date" is not partitioned

[SQL: CREATE TABLE IF NOT EXISTS dim_date_202710 PARTITION OF dim_date FOR VALUES FROM (20271001) TO (20271101)]
(Background on this error at: https://sqlalche.me/e/20/f405)
[2026-03-02 03:24:44] WARNING  data_pipeline.DateLoader | Could not create partition dim_date_202711: (psycopg2.errors.InvalidObjectDefinition) "dim_date" is not partitioned

[SQL: CREATE TABLE IF NOT EXISTS dim_date_202711 PARTITION OF dim_date FOR VALUES FROM (20271101) TO (20271201)]
(Background on this error at: https://sqlalche.me/e/20/f405)
[2026-03-02 03:24:44] WARNING  data_pipeline.DateLoader | Could not create partition dim_date_202712: (psycopg2.errors.InvalidObjectDefinition) "dim_date" is not partitioned

[SQL: CREATE TABLE IF NOT EXISTS dim_date_202712 PARTITION OF dim_date FOR VALUES FROM (20271201) TO (20280101)]
(Background on this error at: https://sqlalche.me/e/20/f405)
[2026-03-02 03:24:44] INFO     data_pipeline.DateLoader | Batch 1: upserted 0/500 rows
[2026-03-02 03:24:44] INFO     data_pipeline.DateLoader | Batch 2: upserted 0/500 rows
[2026-03-02 03:24:44] INFO     data_pipeline.DateLoader | Batch 3: upserted 0/461 rows
[2026-03-02 03:24:44] INFO     data_pipeline.date_time_pipeline | Loaded 0 records → dim_date
[2026-03-02 03:26:07] INFO     data_pipeline.database | SQLAlchemy Engine created
[2026-03-02 03:26:08] INFO     data_pipeline.DateTimeTransformer | Generated 48 dim_month_year rows
[2026-03-02 03:26:08] INFO     data_pipeline.DateTimeTransformer | Generated 7 dim_shift rows
[2026-03-02 03:26:08] INFO     data_pipeline.DateTimeTransformer | Generated 1461 dim_date rows
[2026-03-02 03:26:08] INFO     data_pipeline.DateTimeTransformer | Generated 1440 dim_time_of_day rows
[2026-03-02 03:26:08] INFO     data_pipeline.MonthYearLoader | Batch 1: upserted 0/48 rows
[2026-03-02 03:26:08] INFO     data_pipeline.date_time_pipeline | Loaded 0 records → dim_month_year
[2026-03-02 03:26:08] INFO     data_pipeline.ShiftLoader | Batch 1: upserted 7/7 rows
[2026-03-02 03:26:08] INFO     data_pipeline.date_time_pipeline | Loaded 7 records → dim_shift
[2026-03-02 03:26:08] WARNING  data_pipeline.DateLoader | Could not create partition dim_date_202401: (psycopg2.errors.InvalidObjectDefinition) "dim_date" is not partitioned

[SQL: CREATE TABLE IF NOT EXISTS dim_date_202401 PARTITION OF dim_date FOR VALUES FROM (20240101) TO (20240201)]
(Background on this error at: https://sqlalche.me/e/20/f405)
[2026-03-02 03:26:08] WARNING  data_pipeline.DateLoader | Could not create partition dim_date_202402: (psycopg2.errors.InvalidObjectDefinition) "dim_date" is not partitioned

[SQL: CREATE TABLE IF NOT EXISTS dim_date_202402 PARTITION OF dim_date FOR VALUES FROM (20240201) TO (20240301)]
(Background on this error at: https://sqlalche.me/e/20/f405)
[2026-03-02 03:26:08] WARNING  data_pipeline.DateLoader | Could not create partition dim_date_202403: (psycopg2.errors.InvalidObjectDefinition) "dim_date" is not partitioned

[SQL: CREATE TABLE IF NOT EXISTS dim_date_202403 PARTITION OF dim_date FOR VALUES FROM (20240301) TO (20240401)]
(Background on this error at: https://sqlalche.me/e/20/f405)
[2026-03-02 03:26:08] WARNING  data_pipeline.DateLoader | Could not create partition dim_date_202404: (psycopg2.errors.InvalidObjectDefinition) "dim_date" is not partitioned

[SQL: CREATE TABLE IF NOT EXISTS dim_date_202404 PARTITION OF dim_date FOR VALUES FROM (20240401) TO (20240501)]
(Background on this error at: https://sqlalche.me/e/20/f405)
[2026-03-02 03:26:08] WARNING  data_pipeline.DateLoader | Could not create partition dim_date_202405: (psycopg2.errors.InvalidObjectDefinition) "dim_date" is not partitioned

[SQL: CREATE TABLE IF NOT EXISTS dim_date_202405 PARTITION OF dim_date FOR VALUES FROM (20240501) TO (20240601)]
(Background on this error at: https://sqlalche.me/e/20/f405)
[2026-03-02 03:26:08] WARNING  data_pipeline.DateLoader | Could not create partition dim_date_202406: (psycopg2.errors.InvalidObjectDefinition) "dim_date" is not partitioned

[SQL: CREATE TABLE IF NOT EXISTS dim_date_202406 PARTITION OF dim_date FOR VALUES FROM (20240601) TO (20240701)]
(Background on this error at: https://sqlalche.me/e/20/f405)
[2026-03-02 03:26:08] WARNING  data_pipeline.DateLoader | Could not create partition dim_date_202407: (psycopg2.errors.InvalidObjectDefinition) "dim_date" is not partitioned

[SQL: CREATE TABLE IF NOT EXISTS dim_date_202407 PARTITION OF dim_date FOR VALUES FROM (20240701) TO (20240801)]
(Background on this error at: https://sqlalche.me/e/20/f405)
[2026-03-02 03:26:08] WARNING  data_pipeline.DateLoader | Could not create partition dim_date_202408: (psycopg2.errors.InvalidObjectDefinition) "dim_date" is not partitioned

[SQL: CREATE TABLE IF NOT EXISTS dim_date_202408 PARTITION OF dim_date FOR VALUES FROM (20240801) TO (20240901)]
(Background on this error at: https://sqlalche.me/e/20/f405)
[2026-03-02 03:26:08] WARNING  data_pipeline.DateLoader | Could not create partition dim_date_202409: (psycopg2.errors.InvalidObjectDefinition) "dim_date" is not partitioned

[SQL: CREATE TABLE IF NOT EXISTS dim_date_202409 PARTITION OF dim_date FOR VALUES FROM (20240901) TO (20241001)]
(Background on this error at: https://sqlalche.me/e/20/f405)
[2026-03-02 03:26:08] WARNING  data_pipeline.DateLoader | Could not create partition dim_date_202410: (psycopg2.errors.InvalidObjectDefinition) "dim_date" is not partitioned

[SQL: CREATE TABLE IF NOT EXISTS dim_date_202410 PARTITION OF dim_date FOR VALUES FROM (20241001) TO (20241101)]
(Background on this error at: https://sqlalche.me/e/20/f405)
[2026-03-02 03:26:08] WARNING  data_pipeline.DateLoader | Could not create partition dim_date_202411: (psycopg2.errors.InvalidObjectDefinition) "dim_date" is not partitioned

[SQL: CREATE TABLE IF NOT EXISTS dim_date_202411 PARTITION OF dim_date FOR VALUES FROM (20241101) TO (20241201)]
(Background on this error at: https://sqlalche.me/e/20/f405)
[2026-03-02 03:26:08] WARNING  data_pipeline.DateLoader | Could not create partition dim_date_202412: (psycopg2.errors.InvalidObjectDefinition) "dim_date" is not partitioned

[SQL: CREATE TABLE IF NOT EXISTS dim_date_202412 PARTITION OF dim_date FOR VALUES FROM (20241201) TO (20250101)]
(Background on this error at: https://sqlalche.me/e/20/f405)
[2026-03-02 03:26:08] WARNING  data_pipeline.DateLoader | Could not create partition dim_date_202501: (psycopg2.errors.InvalidObjectDefinition) "dim_date" is not partitioned

[SQL: CREATE TABLE IF NOT EXISTS dim_date_202501 PARTITION OF dim_date FOR VALUES FROM (20250101) TO (20250201)]
(Background on this error at: https://sqlalche.me/e/20/f405)
[2026-03-02 03:26:08] WARNING  data_pipeline.DateLoader | Could not create partition dim_date_202502: (psycopg2.errors.InvalidObjectDefinition) "dim_date" is not partitioned

[SQL: CREATE TABLE IF NOT EXISTS dim_date_202502 PARTITION OF dim_date FOR VALUES FROM (20250201) TO (20250301)]
(Background on this error at: https://sqlalche.me/e/20/f405)
[2026-03-02 03:26:08] WARNING  data_pipeline.DateLoader | Could not create partition dim_date_202503: (psycopg2.errors.InvalidObjectDefinition) "dim_date" is not partitioned

[SQL: CREATE TABLE IF NOT EXISTS dim_date_202503 PARTITION OF dim_date FOR VALUES FROM (20250301) TO (20250401)]
(Background on this error at: https://sqlalche.me/e/20/f405)
[2026-03-02 03:26:08] WARNING  data_pipeline.DateLoader | Could not create partition dim_date_202504: (psycopg2.errors.InvalidObjectDefinition) "dim_date" is not partitioned

[SQL: CREATE TABLE IF NOT EXISTS dim_date_202504 PARTITION OF dim_date FOR VALUES FROM (20250401) TO (20250501)]
(Background on this error at: https://sqlalche.me/e/20/f405)
[2026-03-02 03:26:08] WARNING  data_pipeline.DateLoader | Could not create partition dim_date_202505: (psycopg2.errors.InvalidObjectDefinition) "dim_date" is not partitioned

[SQL: CREATE TABLE IF NOT EXISTS dim_date_202505 PARTITION OF dim_date FOR VALUES FROM (20250501) TO (20250601)]
(Background on this error at: https://sqlalche.me/e/20/f405)
[2026-03-02 03:26:08] WARNING  data_pipeline.DateLoader | Could not create partition dim_date_202506: (psycopg2.errors.InvalidObjectDefinition) "dim_date" is not partitioned

[SQL: CREATE TABLE IF NOT EXISTS dim_date_202506 PARTITION OF dim_date FOR VALUES FROM (20250601) TO (20250701)]
(Background on this error at: https://sqlalche.me/e/20/f405)
[2026-03-02 03:26:08] WARNING  data_pipeline.DateLoader | Could not create partition dim_date_202507: (psycopg2.errors.InvalidObjectDefinition) "dim_date" is not partitioned

[SQL: CREATE TABLE IF NOT EXISTS dim_date_202507 PARTITION OF dim_date FOR VALUES FROM (20250701) TO (20250801)]
(Background on this error at: https://sqlalche.me/e/20/f405)
[2026-03-02 03:26:08] WARNING  data_pipeline.DateLoader | Could not create partition dim_date_202508: (psycopg2.errors.InvalidObjectDefinition) "dim_date" is not partitioned

[SQL: CREATE TABLE IF NOT EXISTS dim_date_202508 PARTITION OF dim_date FOR VALUES FROM (20250801) TO (20250901)]
(Background on this error at: https://sqlalche.me/e/20/f405)
[2026-03-02 03:26:08] WARNING  data_pipeline.DateLoader | Could not create partition dim_date_202509: (psycopg2.errors.InvalidObjectDefinition) "dim_date" is not partitioned

[SQL: CREATE TABLE IF NOT EXISTS dim_date_202509 PARTITION OF dim_date FOR VALUES FROM (20250901) TO (20251001)]
(Background on this error at: https://sqlalche.me/e/20/f405)
[2026-03-02 03:26:08] WARNING  data_pipeline.DateLoader | Could not create partition dim_date_202510: (psycopg2.errors.InvalidObjectDefinition) "dim_date" is not partitioned

[SQL: CREATE TABLE IF NOT EXISTS dim_date_202510 PARTITION OF dim_date FOR VALUES FROM (20251001) TO (20251101)]
(Background on this error at: https://sqlalche.me/e/20/f405)
[2026-03-02 03:26:08] WARNING  data_pipeline.DateLoader | Could not create partition dim_date_202511: (psycopg2.errors.InvalidObjectDefinition) "dim_date" is not partitioned

[SQL: CREATE TABLE IF NOT EXISTS dim_date_202511 PARTITION OF dim_date FOR VALUES FROM (20251101) TO (20251201)]
(Background on this error at: https://sqlalche.me/e/20/f405)
[2026-03-02 03:26:08] WARNING  data_pipeline.DateLoader | Could not create partition dim_date_202512: (psycopg2.errors.InvalidObjectDefinition) "dim_date" is not partitioned

[SQL: CREATE TABLE IF NOT EXISTS dim_date_202512 PARTITION OF dim_date FOR VALUES FROM (20251201) TO (20260101)]
(Background on this error at: https://sqlalche.me/e/20/f405)
[2026-03-02 03:26:08] WARNING  data_pipeline.DateLoader | Could not create partition dim_date_202601: (psycopg2.errors.InvalidObjectDefinition) "dim_date" is not partitioned

[SQL: CREATE TABLE IF NOT EXISTS dim_date_202601 PARTITION OF dim_date FOR VALUES FROM (20260101) TO (20260201)]
(Background on this error at: https://sqlalche.me/e/20/f405)
[2026-03-02 03:26:08] WARNING  data_pipeline.DateLoader | Could not create partition dim_date_202602: (psycopg2.errors.InvalidObjectDefinition) "dim_date" is not partitioned

[SQL: CREATE TABLE IF NOT EXISTS dim_date_202602 PARTITION OF dim_date FOR VALUES FROM (20260201) TO (20260301)]
(Background on this error at: https://sqlalche.me/e/20/f405)
[2026-03-02 03:26:08] WARNING  data_pipeline.DateLoader | Could not create partition dim_date_202603: (psycopg2.errors.InvalidObjectDefinition) "dim_date" is not partitioned

[SQL: CREATE TABLE IF NOT EXISTS dim_date_202603 PARTITION OF dim_date FOR VALUES FROM (20260301) TO (20260401)]
(Background on this error at: https://sqlalche.me/e/20/f405)
[2026-03-02 03:26:08] WARNING  data_pipeline.DateLoader | Could not create partition dim_date_202604: (psycopg2.errors.InvalidObjectDefinition) "dim_date" is not partitioned

[SQL: CREATE TABLE IF NOT EXISTS dim_date_202604 PARTITION OF dim_date FOR VALUES FROM (20260401) TO (20260501)]
(Background on this error at: https://sqlalche.me/e/20/f405)
[2026-03-02 03:26:08] WARNING  data_pipeline.DateLoader | Could not create partition dim_date_202605: (psycopg2.errors.InvalidObjectDefinition) "dim_date" is not partitioned

[SQL: CREATE TABLE IF NOT EXISTS dim_date_202605 PARTITION OF dim_date FOR VALUES FROM (20260501) TO (20260601)]
(Background on this error at: https://sqlalche.me/e/20/f405)
[2026-03-02 03:26:08] WARNING  data_pipeline.DateLoader | Could not create partition dim_date_202606: (psycopg2.errors.InvalidObjectDefinition) "dim_date" is not partitioned

[SQL: CREATE TABLE IF NOT EXISTS dim_date_202606 PARTITION OF dim_date FOR VALUES FROM (20260601) TO (20260701)]
(Background on this error at: https://sqlalche.me/e/20/f405)
[2026-03-02 03:26:08] WARNING  data_pipeline.DateLoader | Could not create partition dim_date_202607: (psycopg2.errors.InvalidObjectDefinition) "dim_date" is not partitioned

[SQL: CREATE TABLE IF NOT EXISTS dim_date_202607 PARTITION OF dim_date FOR VALUES FROM (20260701) TO (20260801)]
(Background on this error at: https://sqlalche.me/e/20/f405)
[2026-03-02 03:26:08] WARNING  data_pipeline.DateLoader | Could not create partition dim_date_202608: (psycopg2.errors.InvalidObjectDefinition) "dim_date" is not partitioned

[SQL: CREATE TABLE IF NOT EXISTS dim_date_202608 PARTITION OF dim_date FOR VALUES FROM (20260801) TO (20260901)]
(Background on this error at: https://sqlalche.me/e/20/f405)
[2026-03-02 03:26:08] WARNING  data_pipeline.DateLoader | Could not create partition dim_date_202609: (psycopg2.errors.InvalidObjectDefinition) "dim_date" is not partitioned

[SQL: CREATE TABLE IF NOT EXISTS dim_date_202609 PARTITION OF dim_date FOR VALUES FROM (20260901) TO (20261001)]
(Background on this error at: https://sqlalche.me/e/20/f405)
[2026-03-02 03:26:08] WARNING  data_pipeline.DateLoader | Could not create partition dim_date_202610: (psycopg2.errors.InvalidObjectDefinition) "dim_date" is not partitioned

[SQL: CREATE TABLE IF NOT EXISTS dim_date_202610 PARTITION OF dim_date FOR VALUES FROM (20261001) TO (20261101)]
(Background on this error at: https://sqlalche.me/e/20/f405)
[2026-03-02 03:26:08] WARNING  data_pipeline.DateLoader | Could not create partition dim_date_202611: (psycopg2.errors.InvalidObjectDefinition) "dim_date" is not partitioned

[SQL: CREATE TABLE IF NOT EXISTS dim_date_202611 PARTITION OF dim_date FOR VALUES FROM (20261101) TO (20261201)]
(Background on this error at: https://sqlalche.me/e/20/f405)
[2026-03-02 03:26:08] WARNING  data_pipeline.DateLoader | Could not create partition dim_date_202612: (psycopg2.errors.InvalidObjectDefinition) "dim_date" is not partitioned

[SQL: CREATE TABLE IF NOT EXISTS dim_date_202612 PARTITION OF dim_date FOR VALUES FROM (20261201) TO (20270101)]
(Background on this error at: https://sqlalche.me/e/20/f405)
[2026-03-02 03:26:08] WARNING  data_pipeline.DateLoader | Could not create partition dim_date_202701: (psycopg2.errors.InvalidObjectDefinition) "dim_date" is not partitioned

[SQL: CREATE TABLE IF NOT EXISTS dim_date_202701 PARTITION OF dim_date FOR VALUES FROM (20270101) TO (20270201)]
(Background on this error at: https://sqlalche.me/e/20/f405)
[2026-03-02 03:26:08] WARNING  data_pipeline.DateLoader | Could not create partition dim_date_202702: (psycopg2.errors.InvalidObjectDefinition) "dim_date" is not partitioned

[SQL: CREATE TABLE IF NOT EXISTS dim_date_202702 PARTITION OF dim_date FOR VALUES FROM (20270201) TO (20270301)]
(Background on this error at: https://sqlalche.me/e/20/f405)
[2026-03-02 03:26:08] WARNING  data_pipeline.DateLoader | Could not create partition dim_date_202703: (psycopg2.errors.InvalidObjectDefinition) "dim_date" is not partitioned

[SQL: CREATE TABLE IF NOT EXISTS dim_date_202703 PARTITION OF dim_date FOR VALUES FROM (20270301) TO (20270401)]
(Background on this error at: https://sqlalche.me/e/20/f405)
[2026-03-02 03:26:08] WARNING  data_pipeline.DateLoader | Could not create partition dim_date_202704: (psycopg2.errors.InvalidObjectDefinition) "dim_date" is not partitioned

[SQL: CREATE TABLE IF NOT EXISTS dim_date_202704 PARTITION OF dim_date FOR VALUES FROM (20270401) TO (20270501)]
(Background on this error at: https://sqlalche.me/e/20/f405)
[2026-03-02 03:26:08] WARNING  data_pipeline.DateLoader | Could not create partition dim_date_202705: (psycopg2.errors.InvalidObjectDefinition) "dim_date" is not partitioned

[SQL: CREATE TABLE IF NOT EXISTS dim_date_202705 PARTITION OF dim_date FOR VALUES FROM (20270501) TO (20270601)]
(Background on this error at: https://sqlalche.me/e/20/f405)
[2026-03-02 03:26:08] WARNING  data_pipeline.DateLoader | Could not create partition dim_date_202706: (psycopg2.errors.InvalidObjectDefinition) "dim_date" is not partitioned

[SQL: CREATE TABLE IF NOT EXISTS dim_date_202706 PARTITION OF dim_date FOR VALUES FROM (20270601) TO (20270701)]
(Background on this error at: https://sqlalche.me/e/20/f405)
[2026-03-02 03:26:08] WARNING  data_pipeline.DateLoader | Could not create partition dim_date_202707: (psycopg2.errors.InvalidObjectDefinition) "dim_date" is not partitioned

[SQL: CREATE TABLE IF NOT EXISTS dim_date_202707 PARTITION OF dim_date FOR VALUES FROM (20270701) TO (20270801)]
(Background on this error at: https://sqlalche.me/e/20/f405)
[2026-03-02 03:26:08] WARNING  data_pipeline.DateLoader | Could not create partition dim_date_202708: (psycopg2.errors.InvalidObjectDefinition) "dim_date" is not partitioned

[SQL: CREATE TABLE IF NOT EXISTS dim_date_202708 PARTITION OF dim_date FOR VALUES FROM (20270801) TO (20270901)]
(Background on this error at: https://sqlalche.me/e/20/f405)
[2026-03-02 03:26:08] WARNING  data_pipeline.DateLoader | Could not create partition dim_date_202709: (psycopg2.errors.InvalidObjectDefinition) "dim_date" is not partitioned

[SQL: CREATE TABLE IF NOT EXISTS dim_date_202709 PARTITION OF dim_date FOR VALUES FROM (20270901) TO (20271001)]
(Background on this error at: https://sqlalche.me/e/20/f405)
[2026-03-02 03:26:08] WARNING  data_pipeline.DateLoader | Could not create partition dim_date_202710: (psycopg2.errors.InvalidObjectDefinition) "dim_date" is not partitioned

[SQL: CREATE TABLE IF NOT EXISTS dim_date_202710 PARTITION OF dim_date FOR VALUES FROM (20271001) TO (20271101)]
(Background on this error at: https://sqlalche.me/e/20/f405)
[2026-03-02 03:26:08] WARNING  data_pipeline.DateLoader | Could not create partition dim_date_202711: (psycopg2.errors.InvalidObjectDefinition) "dim_date" is not partitioned

[SQL: CREATE TABLE IF NOT EXISTS dim_date_202711 PARTITION OF dim_date FOR VALUES FROM (20271101) TO (20271201)]
(Background on this error at: https://sqlalche.me/e/20/f405)
[2026-03-02 03:26:08] WARNING  data_pipeline.DateLoader | Could not create partition dim_date_202712: (psycopg2.errors.InvalidObjectDefinition) "dim_date" is not partitioned

[SQL: CREATE TABLE IF NOT EXISTS dim_date_202712 PARTITION OF dim_date FOR VALUES FROM (20271201) TO (20280101)]
(Background on this error at: https://sqlalche.me/e/20/f405)
[2026-03-02 03:26:08] INFO     data_pipeline.DateLoader | Batch 1: upserted 0/500 rows
[2026-03-02 03:26:08] INFO     data_pipeline.DateLoader | Batch 2: upserted 0/500 rows
[2026-03-02 03:26:08] INFO     data_pipeline.DateLoader | Batch 3: upserted 0/461 rows
[2026-03-02 03:26:08] INFO     data_pipeline.date_time_pipeline | Loaded 0 records → dim_date
[2026-03-02 03:26:49] INFO     data_pipeline.database | SQLAlchemy Engine created
[2026-03-02 03:26:50] INFO     data_pipeline.DateTimeTransformer | Generated 48 dim_month_year rows
[2026-03-02 03:26:50] INFO     data_pipeline.DateTimeTransformer | Generated 7 dim_shift rows
[2026-03-02 03:26:50] INFO     data_pipeline.DateTimeTransformer | Generated 1461 dim_date rows
[2026-03-02 03:26:50] INFO     data_pipeline.DateTimeTransformer | Generated 1440 dim_time_of_day rows
[2026-03-02 03:26:50] INFO     data_pipeline.MonthYearLoader | Batch 1: upserted 0/48 rows
[2026-03-02 03:26:50] INFO     data_pipeline.date_time_pipeline | Loaded 0 records → dim_month_year
[2026-03-02 03:26:50] INFO     data_pipeline.ShiftLoader | Batch 1: upserted 7/7 rows
[2026-03-02 03:26:50] INFO     data_pipeline.date_time_pipeline | Loaded 7 records → dim_shift
[2026-03-02 03:26:50] WARNING  data_pipeline.DateLoader | Could not create partition dim_date_202401: (psycopg2.errors.InvalidObjectDefinition) "dim_date" is not partitioned

[SQL: CREATE TABLE IF NOT EXISTS dim_date_202401 PARTITION OF dim_date FOR VALUES FROM (20240101) TO (20240201)]
(Background on this error at: https://sqlalche.me/e/20/f405)
[2026-03-02 03:26:50] WARNING  data_pipeline.DateLoader | Could not create partition dim_date_202402: (psycopg2.errors.InvalidObjectDefinition) "dim_date" is not partitioned

[SQL: CREATE TABLE IF NOT EXISTS dim_date_202402 PARTITION OF dim_date FOR VALUES FROM (20240201) TO (20240301)]
(Background on this error at: https://sqlalche.me/e/20/f405)
[2026-03-02 03:26:50] WARNING  data_pipeline.DateLoader | Could not create partition dim_date_202403: (psycopg2.errors.InvalidObjectDefinition) "dim_date" is not partitioned

[SQL: CREATE TABLE IF NOT EXISTS dim_date_202403 PARTITION OF dim_date FOR VALUES FROM (20240301) TO (20240401)]
(Background on this error at: https://sqlalche.me/e/20/f405)
[2026-03-02 03:26:50] WARNING  data_pipeline.DateLoader | Could not create partition dim_date_202404: (psycopg2.errors.InvalidObjectDefinition) "dim_date" is not partitioned

[SQL: CREATE TABLE IF NOT EXISTS dim_date_202404 PARTITION OF dim_date FOR VALUES FROM (20240401) TO (20240501)]
(Background on this error at: https://sqlalche.me/e/20/f405)
[2026-03-02 03:26:50] WARNING  data_pipeline.DateLoader | Could not create partition dim_date_202405: (psycopg2.errors.InvalidObjectDefinition) "dim_date" is not partitioned

[SQL: CREATE TABLE IF NOT EXISTS dim_date_202405 PARTITION OF dim_date FOR VALUES FROM (20240501) TO (20240601)]
(Background on this error at: https://sqlalche.me/e/20/f405)
[2026-03-02 03:26:50] WARNING  data_pipeline.DateLoader | Could not create partition dim_date_202406: (psycopg2.errors.InvalidObjectDefinition) "dim_date" is not partitioned

[SQL: CREATE TABLE IF NOT EXISTS dim_date_202406 PARTITION OF dim_date FOR VALUES FROM (20240601) TO (20240701)]
(Background on this error at: https://sqlalche.me/e/20/f405)
[2026-03-02 03:26:50] WARNING  data_pipeline.DateLoader | Could not create partition dim_date_202407: (psycopg2.errors.InvalidObjectDefinition) "dim_date" is not partitioned

[SQL: CREATE TABLE IF NOT EXISTS dim_date_202407 PARTITION OF dim_date FOR VALUES FROM (20240701) TO (20240801)]
(Background on this error at: https://sqlalche.me/e/20/f405)
[2026-03-02 03:26:50] WARNING  data_pipeline.DateLoader | Could not create partition dim_date_202408: (psycopg2.errors.InvalidObjectDefinition) "dim_date" is not partitioned

[SQL: CREATE TABLE IF NOT EXISTS dim_date_202408 PARTITION OF dim_date FOR VALUES FROM (20240801) TO (20240901)]
(Background on this error at: https://sqlalche.me/e/20/f405)
[2026-03-02 03:26:50] WARNING  data_pipeline.DateLoader | Could not create partition dim_date_202409: (psycopg2.errors.InvalidObjectDefinition) "dim_date" is not partitioned

[SQL: CREATE TABLE IF NOT EXISTS dim_date_202409 PARTITION OF dim_date FOR VALUES FROM (20240901) TO (20241001)]
(Background on this error at: https://sqlalche.me/e/20/f405)
[2026-03-02 03:26:50] WARNING  data_pipeline.DateLoader | Could not create partition dim_date_202410: (psycopg2.errors.InvalidObjectDefinition) "dim_date" is not partitioned

[SQL: CREATE TABLE IF NOT EXISTS dim_date_202410 PARTITION OF dim_date FOR VALUES FROM (20241001) TO (20241101)]
(Background on this error at: https://sqlalche.me/e/20/f405)
[2026-03-02 03:26:50] WARNING  data_pipeline.DateLoader | Could not create partition dim_date_202411: (psycopg2.errors.InvalidObjectDefinition) "dim_date" is not partitioned

[SQL: CREATE TABLE IF NOT EXISTS dim_date_202411 PARTITION OF dim_date FOR VALUES FROM (20241101) TO (20241201)]
(Background on this error at: https://sqlalche.me/e/20/f405)
[2026-03-02 03:26:50] WARNING  data_pipeline.DateLoader | Could not create partition dim_date_202412: (psycopg2.errors.InvalidObjectDefinition) "dim_date" is not partitioned

[SQL: CREATE TABLE IF NOT EXISTS dim_date_202412 PARTITION OF dim_date FOR VALUES FROM (20241201) TO (20250101)]
(Background on this error at: https://sqlalche.me/e/20/f405)
[2026-03-02 03:26:50] WARNING  data_pipeline.DateLoader | Could not create partition dim_date_202501: (psycopg2.errors.InvalidObjectDefinition) "dim_date" is not partitioned

[SQL: CREATE TABLE IF NOT EXISTS dim_date_202501 PARTITION OF dim_date FOR VALUES FROM (20250101) TO (20250201)]
(Background on this error at: https://sqlalche.me/e/20/f405)
[2026-03-02 03:26:50] WARNING  data_pipeline.DateLoader | Could not create partition dim_date_202502: (psycopg2.errors.InvalidObjectDefinition) "dim_date" is not partitioned

[SQL: CREATE TABLE IF NOT EXISTS dim_date_202502 PARTITION OF dim_date FOR VALUES FROM (20250201) TO (20250301)]
(Background on this error at: https://sqlalche.me/e/20/f405)
[2026-03-02 03:26:50] WARNING  data_pipeline.DateLoader | Could not create partition dim_date_202503: (psycopg2.errors.InvalidObjectDefinition) "dim_date" is not partitioned

[SQL: CREATE TABLE IF NOT EXISTS dim_date_202503 PARTITION OF dim_date FOR VALUES FROM (20250301) TO (20250401)]
(Background on this error at: https://sqlalche.me/e/20/f405)
[2026-03-02 03:26:50] WARNING  data_pipeline.DateLoader | Could not create partition dim_date_202504: (psycopg2.errors.InvalidObjectDefinition) "dim_date" is not partitioned

[SQL: CREATE TABLE IF NOT EXISTS dim_date_202504 PARTITION OF dim_date FOR VALUES FROM (20250401) TO (20250501)]
(Background on this error at: https://sqlalche.me/e/20/f405)
[2026-03-02 03:26:50] WARNING  data_pipeline.DateLoader | Could not create partition dim_date_202505: (psycopg2.errors.InvalidObjectDefinition) "dim_date" is not partitioned

[SQL: CREATE TABLE IF NOT EXISTS dim_date_202505 PARTITION OF dim_date FOR VALUES FROM (20250501) TO (20250601)]
(Background on this error at: https://sqlalche.me/e/20/f405)
[2026-03-02 03:26:50] WARNING  data_pipeline.DateLoader | Could not create partition dim_date_202506: (psycopg2.errors.InvalidObjectDefinition) "dim_date" is not partitioned

[SQL: CREATE TABLE IF NOT EXISTS dim_date_202506 PARTITION OF dim_date FOR VALUES FROM (20250601) TO (20250701)]
(Background on this error at: https://sqlalche.me/e/20/f405)
[2026-03-02 03:26:50] WARNING  data_pipeline.DateLoader | Could not create partition dim_date_202507: (psycopg2.errors.InvalidObjectDefinition) "dim_date" is not partitioned

[SQL: CREATE TABLE IF NOT EXISTS dim_date_202507 PARTITION OF dim_date FOR VALUES FROM (20250701) TO (20250801)]
(Background on this error at: https://sqlalche.me/e/20/f405)
[2026-03-02 03:26:50] WARNING  data_pipeline.DateLoader | Could not create partition dim_date_202508: (psycopg2.errors.InvalidObjectDefinition) "dim_date" is not partitioned

[SQL: CREATE TABLE IF NOT EXISTS dim_date_202508 PARTITION OF dim_date FOR VALUES FROM (20250801) TO (20250901)]
(Background on this error at: https://sqlalche.me/e/20/f405)
[2026-03-02 03:26:50] WARNING  data_pipeline.DateLoader | Could not create partition dim_date_202509: (psycopg2.errors.InvalidObjectDefinition) "dim_date" is not partitioned

[SQL: CREATE TABLE IF NOT EXISTS dim_date_202509 PARTITION OF dim_date FOR VALUES FROM (20250901) TO (20251001)]
(Background on this error at: https://sqlalche.me/e/20/f405)
[2026-03-02 03:26:50] WARNING  data_pipeline.DateLoader | Could not create partition dim_date_202510: (psycopg2.errors.InvalidObjectDefinition) "dim_date" is not partitioned

[SQL: CREATE TABLE IF NOT EXISTS dim_date_202510 PARTITION OF dim_date FOR VALUES FROM (20251001) TO (20251101)]
(Background on this error at: https://sqlalche.me/e/20/f405)
[2026-03-02 03:26:50] WARNING  data_pipeline.DateLoader | Could not create partition dim_date_202511: (psycopg2.errors.InvalidObjectDefinition) "dim_date" is not partitioned

[SQL: CREATE TABLE IF NOT EXISTS dim_date_202511 PARTITION OF dim_date FOR VALUES FROM (20251101) TO (20251201)]
(Background on this error at: https://sqlalche.me/e/20/f405)
[2026-03-02 03:26:50] WARNING  data_pipeline.DateLoader | Could not create partition dim_date_202512: (psycopg2.errors.InvalidObjectDefinition) "dim_date" is not partitioned

[SQL: CREATE TABLE IF NOT EXISTS dim_date_202512 PARTITION OF dim_date FOR VALUES FROM (20251201) TO (20260101)]
(Background on this error at: https://sqlalche.me/e/20/f405)
[2026-03-02 03:26:50] WARNING  data_pipeline.DateLoader | Could not create partition dim_date_202601: (psycopg2.errors.InvalidObjectDefinition) "dim_date" is not partitioned

[SQL: CREATE TABLE IF NOT EXISTS dim_date_202601 PARTITION OF dim_date FOR VALUES FROM (20260101) TO (20260201)]
(Background on this error at: https://sqlalche.me/e/20/f405)
[2026-03-02 03:26:50] WARNING  data_pipeline.DateLoader | Could not create partition dim_date_202602: (psycopg2.errors.InvalidObjectDefinition) "dim_date" is not partitioned

[SQL: CREATE TABLE IF NOT EXISTS dim_date_202602 PARTITION OF dim_date FOR VALUES FROM (20260201) TO (20260301)]
(Background on this error at: https://sqlalche.me/e/20/f405)
[2026-03-02 03:26:50] WARNING  data_pipeline.DateLoader | Could not create partition dim_date_202603: (psycopg2.errors.InvalidObjectDefinition) "dim_date" is not partitioned

[SQL: CREATE TABLE IF NOT EXISTS dim_date_202603 PARTITION OF dim_date FOR VALUES FROM (20260301) TO (20260401)]
(Background on this error at: https://sqlalche.me/e/20/f405)
[2026-03-02 03:26:50] WARNING  data_pipeline.DateLoader | Could not create partition dim_date_202604: (psycopg2.errors.InvalidObjectDefinition) "dim_date" is not partitioned

[SQL: CREATE TABLE IF NOT EXISTS dim_date_202604 PARTITION OF dim_date FOR VALUES FROM (20260401) TO (20260501)]
(Background on this error at: https://sqlalche.me/e/20/f405)
[2026-03-02 03:26:50] WARNING  data_pipeline.DateLoader | Could not create partition dim_date_202605: (psycopg2.errors.InvalidObjectDefinition) "dim_date" is not partitioned

[SQL: CREATE TABLE IF NOT EXISTS dim_date_202605 PARTITION OF dim_date FOR VALUES FROM (20260501) TO (20260601)]
(Background on this error at: https://sqlalche.me/e/20/f405)
[2026-03-02 03:26:50] WARNING  data_pipeline.DateLoader | Could not create partition dim_date_202606: (psycopg2.errors.InvalidObjectDefinition) "dim_date" is not partitioned

[SQL: CREATE TABLE IF NOT EXISTS dim_date_202606 PARTITION OF dim_date FOR VALUES FROM (20260601) TO (20260701)]
(Background on this error at: https://sqlalche.me/e/20/f405)
[2026-03-02 03:26:50] WARNING  data_pipeline.DateLoader | Could not create partition dim_date_202607: (psycopg2.errors.InvalidObjectDefinition) "dim_date" is not partitioned

[SQL: CREATE TABLE IF NOT EXISTS dim_date_202607 PARTITION OF dim_date FOR VALUES FROM (20260701) TO (20260801)]
(Background on this error at: https://sqlalche.me/e/20/f405)
[2026-03-02 03:26:50] WARNING  data_pipeline.DateLoader | Could not create partition dim_date_202608: (psycopg2.errors.InvalidObjectDefinition) "dim_date" is not partitioned

[SQL: CREATE TABLE IF NOT EXISTS dim_date_202608 PARTITION OF dim_date FOR VALUES FROM (20260801) TO (20260901)]
(Background on this error at: https://sqlalche.me/e/20/f405)
[2026-03-02 03:26:50] WARNING  data_pipeline.DateLoader | Could not create partition dim_date_202609: (psycopg2.errors.InvalidObjectDefinition) "dim_date" is not partitioned

[SQL: CREATE TABLE IF NOT EXISTS dim_date_202609 PARTITION OF dim_date FOR VALUES FROM (20260901) TO (20261001)]
(Background on this error at: https://sqlalche.me/e/20/f405)
[2026-03-02 03:26:50] WARNING  data_pipeline.DateLoader | Could not create partition dim_date_202610: (psycopg2.errors.InvalidObjectDefinition) "dim_date" is not partitioned

[SQL: CREATE TABLE IF NOT EXISTS dim_date_202610 PARTITION OF dim_date FOR VALUES FROM (20261001) TO (20261101)]
(Background on this error at: https://sqlalche.me/e/20/f405)
[2026-03-02 03:26:50] WARNING  data_pipeline.DateLoader | Could not create partition dim_date_202611: (psycopg2.errors.InvalidObjectDefinition) "dim_date" is not partitioned

[SQL: CREATE TABLE IF NOT EXISTS dim_date_202611 PARTITION OF dim_date FOR VALUES FROM (20261101) TO (20261201)]
(Background on this error at: https://sqlalche.me/e/20/f405)
[2026-03-02 03:26:50] WARNING  data_pipeline.DateLoader | Could not create partition dim_date_202612: (psycopg2.errors.InvalidObjectDefinition) "dim_date" is not partitioned

[SQL: CREATE TABLE IF NOT EXISTS dim_date_202612 PARTITION OF dim_date FOR VALUES FROM (20261201) TO (20270101)]
(Background on this error at: https://sqlalche.me/e/20/f405)
[2026-03-02 03:26:50] WARNING  data_pipeline.DateLoader | Could not create partition dim_date_202701: (psycopg2.errors.InvalidObjectDefinition) "dim_date" is not partitioned

[SQL: CREATE TABLE IF NOT EXISTS dim_date_202701 PARTITION OF dim_date FOR VALUES FROM (20270101) TO (20270201)]
(Background on this error at: https://sqlalche.me/e/20/f405)
[2026-03-02 03:26:50] WARNING  data_pipeline.DateLoader | Could not create partition dim_date_202702: (psycopg2.errors.InvalidObjectDefinition) "dim_date" is not partitioned

[SQL: CREATE TABLE IF NOT EXISTS dim_date_202702 PARTITION OF dim_date FOR VALUES FROM (20270201) TO (20270301)]
(Background on this error at: https://sqlalche.me/e/20/f405)
[2026-03-02 03:26:50] WARNING  data_pipeline.DateLoader | Could not create partition dim_date_202703: (psycopg2.errors.InvalidObjectDefinition) "dim_date" is not partitioned

[SQL: CREATE TABLE IF NOT EXISTS dim_date_202703 PARTITION OF dim_date FOR VALUES FROM (20270301) TO (20270401)]
(Background on this error at: https://sqlalche.me/e/20/f405)
[2026-03-02 03:26:50] WARNING  data_pipeline.DateLoader | Could not create partition dim_date_202704: (psycopg2.errors.InvalidObjectDefinition) "dim_date" is not partitioned

[SQL: CREATE TABLE IF NOT EXISTS dim_date_202704 PARTITION OF dim_date FOR VALUES FROM (20270401) TO (20270501)]
(Background on this error at: https://sqlalche.me/e/20/f405)
[2026-03-02 03:26:50] WARNING  data_pipeline.DateLoader | Could not create partition dim_date_202705: (psycopg2.errors.InvalidObjectDefinition) "dim_date" is not partitioned

[SQL: CREATE TABLE IF NOT EXISTS dim_date_202705 PARTITION OF dim_date FOR VALUES FROM (20270501) TO (20270601)]
(Background on this error at: https://sqlalche.me/e/20/f405)
[2026-03-02 03:26:50] WARNING  data_pipeline.DateLoader | Could not create partition dim_date_202706: (psycopg2.errors.InvalidObjectDefinition) "dim_date" is not partitioned

[SQL: CREATE TABLE IF NOT EXISTS dim_date_202706 PARTITION OF dim_date FOR VALUES FROM (20270601) TO (20270701)]
(Background on this error at: https://sqlalche.me/e/20/f405)
[2026-03-02 03:26:50] WARNING  data_pipeline.DateLoader | Could not create partition dim_date_202707: (psycopg2.errors.InvalidObjectDefinition) "dim_date" is not partitioned

[SQL: CREATE TABLE IF NOT EXISTS dim_date_202707 PARTITION OF dim_date FOR VALUES FROM (20270701) TO (20270801)]
(Background on this error at: https://sqlalche.me/e/20/f405)
[2026-03-02 03:26:50] WARNING  data_pipeline.DateLoader | Could not create partition dim_date_202708: (psycopg2.errors.InvalidObjectDefinition) "dim_date" is not partitioned

[SQL: CREATE TABLE IF NOT EXISTS dim_date_202708 PARTITION OF dim_date FOR VALUES FROM (20270801) TO (20270901)]
(Background on this error at: https://sqlalche.me/e/20/f405)
[2026-03-02 03:26:50] WARNING  data_pipeline.DateLoader | Could not create partition dim_date_202709: (psycopg2.errors.InvalidObjectDefinition) "dim_date" is not partitioned

[SQL: CREATE TABLE IF NOT EXISTS dim_date_202709 PARTITION OF dim_date FOR VALUES FROM (20270901) TO (20271001)]
(Background on this error at: https://sqlalche.me/e/20/f405)
[2026-03-02 03:26:50] WARNING  data_pipeline.DateLoader | Could not create partition dim_date_202710: (psycopg2.errors.InvalidObjectDefinition) "dim_date" is not partitioned

[SQL: CREATE TABLE IF NOT EXISTS dim_date_202710 PARTITION OF dim_date FOR VALUES FROM (20271001) TO (20271101)]
(Background on this error at: https://sqlalche.me/e/20/f405)
[2026-03-02 03:26:50] WARNING  data_pipeline.DateLoader | Could not create partition dim_date_202711: (psycopg2.errors.InvalidObjectDefinition) "dim_date" is not partitioned

[SQL: CREATE TABLE IF NOT EXISTS dim_date_202711 PARTITION OF dim_date FOR VALUES FROM (20271101) TO (20271201)]
(Background on this error at: https://sqlalche.me/e/20/f405)
[2026-03-02 03:26:50] WARNING  data_pipeline.DateLoader | Could not create partition dim_date_202712: (psycopg2.errors.InvalidObjectDefinition) "dim_date" is not partitioned

[SQL: CREATE TABLE IF NOT EXISTS dim_date_202712 PARTITION OF dim_date FOR VALUES FROM (20271201) TO (20280101)]
(Background on this error at: https://sqlalche.me/e/20/f405)
[2026-03-02 03:26:50] INFO     data_pipeline.DateLoader | Batch 1: upserted 0/500 rows
[2026-03-02 03:26:50] INFO     data_pipeline.DateLoader | Batch 2: upserted 0/500 rows
[2026-03-02 03:26:50] INFO     data_pipeline.DateLoader | Batch 3: upserted 0/461 rows
[2026-03-02 03:26:50] INFO     data_pipeline.date_time_pipeline | Loaded 0 records → dim_date
[2026-03-02 03:28:18] INFO     data_pipeline.database | SQLAlchemy Engine created
[2026-03-02 03:28:18] INFO     data_pipeline.DateTimeTransformer | Generated 48 dim_month_year rows
[2026-03-02 03:28:18] INFO     data_pipeline.DateTimeTransformer | Generated 7 dim_shift rows
[2026-03-02 03:28:18] INFO     data_pipeline.DateTimeTransformer | Generated 1461 dim_date rows
[2026-03-02 03:28:18] INFO     data_pipeline.DateTimeTransformer | Generated 1440 dim_time_of_day rows
[2026-03-02 03:28:18] INFO     data_pipeline.MonthYearLoader | Batch 1: upserted 0/48 rows
[2026-03-02 03:28:18] INFO     data_pipeline.date_time_pipeline | Loaded 0 records → dim_month_year
[2026-03-02 03:28:18] INFO     data_pipeline.ShiftLoader | Batch 1: upserted 7/7 rows
[2026-03-02 03:28:18] INFO     data_pipeline.date_time_pipeline | Loaded 7 records → dim_shift
[2026-03-02 03:28:18] WARNING  data_pipeline.DateLoader | Could not create partition dim_date_202401: (psycopg2.errors.InvalidObjectDefinition) "dim_date" is not partitioned

[SQL: CREATE TABLE IF NOT EXISTS dim_date_202401 PARTITION OF dim_date FOR VALUES FROM (20240101) TO (20240201)]
(Background on this error at: https://sqlalche.me/e/20/f405)
[2026-03-02 03:28:18] WARNING  data_pipeline.DateLoader | Could not create partition dim_date_202402: (psycopg2.errors.InvalidObjectDefinition) "dim_date" is not partitioned

[SQL: CREATE TABLE IF NOT EXISTS dim_date_202402 PARTITION OF dim_date FOR VALUES FROM (20240201) TO (20240301)]
(Background on this error at: https://sqlalche.me/e/20/f405)
[2026-03-02 03:28:18] WARNING  data_pipeline.DateLoader | Could not create partition dim_date_202403: (psycopg2.errors.InvalidObjectDefinition) "dim_date" is not partitioned

[SQL: CREATE TABLE IF NOT EXISTS dim_date_202403 PARTITION OF dim_date FOR VALUES FROM (20240301) TO (20240401)]
(Background on this error at: https://sqlalche.me/e/20/f405)
[2026-03-02 03:28:18] WARNING  data_pipeline.DateLoader | Could not create partition dim_date_202404: (psycopg2.errors.InvalidObjectDefinition) "dim_date" is not partitioned

[SQL: CREATE TABLE IF NOT EXISTS dim_date_202404 PARTITION OF dim_date FOR VALUES FROM (20240401) TO (20240501)]
(Background on this error at: https://sqlalche.me/e/20/f405)
[2026-03-02 03:28:18] WARNING  data_pipeline.DateLoader | Could not create partition dim_date_202405: (psycopg2.errors.InvalidObjectDefinition) "dim_date" is not partitioned

[SQL: CREATE TABLE IF NOT EXISTS dim_date_202405 PARTITION OF dim_date FOR VALUES FROM (20240501) TO (20240601)]
(Background on this error at: https://sqlalche.me/e/20/f405)
[2026-03-02 03:28:18] WARNING  data_pipeline.DateLoader | Could not create partition dim_date_202406: (psycopg2.errors.InvalidObjectDefinition) "dim_date" is not partitioned

[SQL: CREATE TABLE IF NOT EXISTS dim_date_202406 PARTITION OF dim_date FOR VALUES FROM (20240601) TO (20240701)]
(Background on this error at: https://sqlalche.me/e/20/f405)
[2026-03-02 03:28:18] WARNING  data_pipeline.DateLoader | Could not create partition dim_date_202407: (psycopg2.errors.InvalidObjectDefinition) "dim_date" is not partitioned

[SQL: CREATE TABLE IF NOT EXISTS dim_date_202407 PARTITION OF dim_date FOR VALUES FROM (20240701) TO (20240801)]
(Background on this error at: https://sqlalche.me/e/20/f405)
[2026-03-02 03:28:18] WARNING  data_pipeline.DateLoader | Could not create partition dim_date_202408: (psycopg2.errors.InvalidObjectDefinition) "dim_date" is not partitioned

[SQL: CREATE TABLE IF NOT EXISTS dim_date_202408 PARTITION OF dim_date FOR VALUES FROM (20240801) TO (20240901)]
(Background on this error at: https://sqlalche.me/e/20/f405)
[2026-03-02 03:28:18] WARNING  data_pipeline.DateLoader | Could not create partition dim_date_202409: (psycopg2.errors.InvalidObjectDefinition) "dim_date" is not partitioned

[SQL: CREATE TABLE IF NOT EXISTS dim_date_202409 PARTITION OF dim_date FOR VALUES FROM (20240901) TO (20241001)]
(Background on this error at: https://sqlalche.me/e/20/f405)
[2026-03-02 03:28:18] WARNING  data_pipeline.DateLoader | Could not create partition dim_date_202410: (psycopg2.errors.InvalidObjectDefinition) "dim_date" is not partitioned

[SQL: CREATE TABLE IF NOT EXISTS dim_date_202410 PARTITION OF dim_date FOR VALUES FROM (20241001) TO (20241101)]
(Background on this error at: https://sqlalche.me/e/20/f405)
[2026-03-02 03:28:18] WARNING  data_pipeline.DateLoader | Could not create partition dim_date_202411: (psycopg2.errors.InvalidObjectDefinition) "dim_date" is not partitioned

[SQL: CREATE TABLE IF NOT EXISTS dim_date_202411 PARTITION OF dim_date FOR VALUES FROM (20241101) TO (20241201)]
(Background on this error at: https://sqlalche.me/e/20/f405)
[2026-03-02 03:28:18] WARNING  data_pipeline.DateLoader | Could not create partition dim_date_202412: (psycopg2.errors.InvalidObjectDefinition) "dim_date" is not partitioned

[SQL: CREATE TABLE IF NOT EXISTS dim_date_202412 PARTITION OF dim_date FOR VALUES FROM (20241201) TO (20250101)]
(Background on this error at: https://sqlalche.me/e/20/f405)
[2026-03-02 03:28:18] WARNING  data_pipeline.DateLoader | Could not create partition dim_date_202501: (psycopg2.errors.InvalidObjectDefinition) "dim_date" is not partitioned

[SQL: CREATE TABLE IF NOT EXISTS dim_date_202501 PARTITION OF dim_date FOR VALUES FROM (20250101) TO (20250201)]
(Background on this error at: https://sqlalche.me/e/20/f405)
[2026-03-02 03:28:18] WARNING  data_pipeline.DateLoader | Could not create partition dim_date_202502: (psycopg2.errors.InvalidObjectDefinition) "dim_date" is not partitioned

[SQL: CREATE TABLE IF NOT EXISTS dim_date_202502 PARTITION OF dim_date FOR VALUES FROM (20250201) TO (20250301)]
(Background on this error at: https://sqlalche.me/e/20/f405)
[2026-03-02 03:28:18] WARNING  data_pipeline.DateLoader | Could not create partition dim_date_202503: (psycopg2.errors.InvalidObjectDefinition) "dim_date" is not partitioned

[SQL: CREATE TABLE IF NOT EXISTS dim_date_202503 PARTITION OF dim_date FOR VALUES FROM (20250301) TO (20250401)]
(Background on this error at: https://sqlalche.me/e/20/f405)
[2026-03-02 03:28:18] WARNING  data_pipeline.DateLoader | Could not create partition dim_date_202504: (psycopg2.errors.InvalidObjectDefinition) "dim_date" is not partitioned

[SQL: CREATE TABLE IF NOT EXISTS dim_date_202504 PARTITION OF dim_date FOR VALUES FROM (20250401) TO (20250501)]
(Background on this error at: https://sqlalche.me/e/20/f405)
[2026-03-02 03:28:18] WARNING  data_pipeline.DateLoader | Could not create partition dim_date_202505: (psycopg2.errors.InvalidObjectDefinition) "dim_date" is not partitioned

[SQL: CREATE TABLE IF NOT EXISTS dim_date_202505 PARTITION OF dim_date FOR VALUES FROM (20250501) TO (20250601)]
(Background on this error at: https://sqlalche.me/e/20/f405)
[2026-03-02 03:28:18] WARNING  data_pipeline.DateLoader | Could not create partition dim_date_202506: (psycopg2.errors.InvalidObjectDefinition) "dim_date" is not partitioned

[SQL: CREATE TABLE IF NOT EXISTS dim_date_202506 PARTITION OF dim_date FOR VALUES FROM (20250601) TO (20250701)]
(Background on this error at: https://sqlalche.me/e/20/f405)
[2026-03-02 03:28:18] WARNING  data_pipeline.DateLoader | Could not create partition dim_date_202507: (psycopg2.errors.InvalidObjectDefinition) "dim_date" is not partitioned

[SQL: CREATE TABLE IF NOT EXISTS dim_date_202507 PARTITION OF dim_date FOR VALUES FROM (20250701) TO (20250801)]
(Background on this error at: https://sqlalche.me/e/20/f405)
[2026-03-02 03:28:18] WARNING  data_pipeline.DateLoader | Could not create partition dim_date_202508: (psycopg2.errors.InvalidObjectDefinition) "dim_date" is not partitioned

[SQL: CREATE TABLE IF NOT EXISTS dim_date_202508 PARTITION OF dim_date FOR VALUES FROM (20250801) TO (20250901)]
(Background on this error at: https://sqlalche.me/e/20/f405)
[2026-03-02 03:28:18] WARNING  data_pipeline.DateLoader | Could not create partition dim_date_202509: (psycopg2.errors.InvalidObjectDefinition) "dim_date" is not partitioned

[SQL: CREATE TABLE IF NOT EXISTS dim_date_202509 PARTITION OF dim_date FOR VALUES FROM (20250901) TO (20251001)]
(Background on this error at: https://sqlalche.me/e/20/f405)
[2026-03-02 03:28:18] WARNING  data_pipeline.DateLoader | Could not create partition dim_date_202510: (psycopg2.errors.InvalidObjectDefinition) "dim_date" is not partitioned

[SQL: CREATE TABLE IF NOT EXISTS dim_date_202510 PARTITION OF dim_date FOR VALUES FROM (20251001) TO (20251101)]
(Background on this error at: https://sqlalche.me/e/20/f405)
[2026-03-02 03:28:18] WARNING  data_pipeline.DateLoader | Could not create partition dim_date_202511: (psycopg2.errors.InvalidObjectDefinition) "dim_date" is not partitioned

[SQL: CREATE TABLE IF NOT EXISTS dim_date_202511 PARTITION OF dim_date FOR VALUES FROM (20251101) TO (20251201)]
(Background on this error at: https://sqlalche.me/e/20/f405)
[2026-03-02 03:28:18] WARNING  data_pipeline.DateLoader | Could not create partition dim_date_202512: (psycopg2.errors.InvalidObjectDefinition) "dim_date" is not partitioned

[SQL: CREATE TABLE IF NOT EXISTS dim_date_202512 PARTITION OF dim_date FOR VALUES FROM (20251201) TO (20260101)]
(Background on this error at: https://sqlalche.me/e/20/f405)
[2026-03-02 03:28:18] WARNING  data_pipeline.DateLoader | Could not create partition dim_date_202601: (psycopg2.errors.InvalidObjectDefinition) "dim_date" is not partitioned

[SQL: CREATE TABLE IF NOT EXISTS dim_date_202601 PARTITION OF dim_date FOR VALUES FROM (20260101) TO (20260201)]
(Background on this error at: https://sqlalche.me/e/20/f405)
[2026-03-02 03:28:18] WARNING  data_pipeline.DateLoader | Could not create partition dim_date_202602: (psycopg2.errors.InvalidObjectDefinition) "dim_date" is not partitioned

[SQL: CREATE TABLE IF NOT EXISTS dim_date_202602 PARTITION OF dim_date FOR VALUES FROM (20260201) TO (20260301)]
(Background on this error at: https://sqlalche.me/e/20/f405)
[2026-03-02 03:28:18] WARNING  data_pipeline.DateLoader | Could not create partition dim_date_202603: (psycopg2.errors.InvalidObjectDefinition) "dim_date" is not partitioned

[SQL: CREATE TABLE IF NOT EXISTS dim_date_202603 PARTITION OF dim_date FOR VALUES FROM (20260301) TO (20260401)]
(Background on this error at: https://sqlalche.me/e/20/f405)
[2026-03-02 03:28:18] WARNING  data_pipeline.DateLoader | Could not create partition dim_date_202604: (psycopg2.errors.InvalidObjectDefinition) "dim_date" is not partitioned

[SQL: CREATE TABLE IF NOT EXISTS dim_date_202604 PARTITION OF dim_date FOR VALUES FROM (20260401) TO (20260501)]
(Background on this error at: https://sqlalche.me/e/20/f405)
[2026-03-02 03:28:18] WARNING  data_pipeline.DateLoader | Could not create partition dim_date_202605: (psycopg2.errors.InvalidObjectDefinition) "dim_date" is not partitioned

[SQL: CREATE TABLE IF NOT EXISTS dim_date_202605 PARTITION OF dim_date FOR VALUES FROM (20260501) TO (20260601)]
(Background on this error at: https://sqlalche.me/e/20/f405)
[2026-03-02 03:28:18] WARNING  data_pipeline.DateLoader | Could not create partition dim_date_202606: (psycopg2.errors.InvalidObjectDefinition) "dim_date" is not partitioned

[SQL: CREATE TABLE IF NOT EXISTS dim_date_202606 PARTITION OF dim_date FOR VALUES FROM (20260601) TO (20260701)]
(Background on this error at: https://sqlalche.me/e/20/f405)
[2026-03-02 03:28:18] WARNING  data_pipeline.DateLoader | Could not create partition dim_date_202607: (psycopg2.errors.InvalidObjectDefinition) "dim_date" is not partitioned

[SQL: CREATE TABLE IF NOT EXISTS dim_date_202607 PARTITION OF dim_date FOR VALUES FROM (20260701) TO (20260801)]
(Background on this error at: https://sqlalche.me/e/20/f405)
[2026-03-02 03:28:18] WARNING  data_pipeline.DateLoader | Could not create partition dim_date_202608: (psycopg2.errors.InvalidObjectDefinition) "dim_date" is not partitioned

[SQL: CREATE TABLE IF NOT EXISTS dim_date_202608 PARTITION OF dim_date FOR VALUES FROM (20260801) TO (20260901)]
(Background on this error at: https://sqlalche.me/e/20/f405)
[2026-03-02 03:28:18] WARNING  data_pipeline.DateLoader | Could not create partition dim_date_202609: (psycopg2.errors.InvalidObjectDefinition) "dim_date" is not partitioned

[SQL: CREATE TABLE IF NOT EXISTS dim_date_202609 PARTITION OF dim_date FOR VALUES FROM (20260901) TO (20261001)]
(Background on this error at: https://sqlalche.me/e/20/f405)
[2026-03-02 03:28:18] WARNING  data_pipeline.DateLoader | Could not create partition dim_date_202610: (psycopg2.errors.InvalidObjectDefinition) "dim_date" is not partitioned

[SQL: CREATE TABLE IF NOT EXISTS dim_date_202610 PARTITION OF dim_date FOR VALUES FROM (20261001) TO (20261101)]
(Background on this error at: https://sqlalche.me/e/20/f405)
[2026-03-02 03:28:18] WARNING  data_pipeline.DateLoader | Could not create partition dim_date_202611: (psycopg2.errors.InvalidObjectDefinition) "dim_date" is not partitioned

[SQL: CREATE TABLE IF NOT EXISTS dim_date_202611 PARTITION OF dim_date FOR VALUES FROM (20261101) TO (20261201)]
(Background on this error at: https://sqlalche.me/e/20/f405)
[2026-03-02 03:28:18] WARNING  data_pipeline.DateLoader | Could not create partition dim_date_202612: (psycopg2.errors.InvalidObjectDefinition) "dim_date" is not partitioned

[SQL: CREATE TABLE IF NOT EXISTS dim_date_202612 PARTITION OF dim_date FOR VALUES FROM (20261201) TO (20270101)]
(Background on this error at: https://sqlalche.me/e/20/f405)
[2026-03-02 03:28:18] WARNING  data_pipeline.DateLoader | Could not create partition dim_date_202701: (psycopg2.errors.InvalidObjectDefinition) "dim_date" is not partitioned

[SQL: CREATE TABLE IF NOT EXISTS dim_date_202701 PARTITION OF dim_date FOR VALUES FROM (20270101) TO (20270201)]
(Background on this error at: https://sqlalche.me/e/20/f405)
[2026-03-02 03:28:18] WARNING  data_pipeline.DateLoader | Could not create partition dim_date_202702: (psycopg2.errors.InvalidObjectDefinition) "dim_date" is not partitioned

[SQL: CREATE TABLE IF NOT EXISTS dim_date_202702 PARTITION OF dim_date FOR VALUES FROM (20270201) TO (20270301)]
(Background on this error at: https://sqlalche.me/e/20/f405)
[2026-03-02 03:28:18] WARNING  data_pipeline.DateLoader | Could not create partition dim_date_202703: (psycopg2.errors.InvalidObjectDefinition) "dim_date" is not partitioned

[SQL: CREATE TABLE IF NOT EXISTS dim_date_202703 PARTITION OF dim_date FOR VALUES FROM (20270301) TO (20270401)]
(Background on this error at: https://sqlalche.me/e/20/f405)
[2026-03-02 03:28:18] WARNING  data_pipeline.DateLoader | Could not create partition dim_date_202704: (psycopg2.errors.InvalidObjectDefinition) "dim_date" is not partitioned

[SQL: CREATE TABLE IF NOT EXISTS dim_date_202704 PARTITION OF dim_date FOR VALUES FROM (20270401) TO (20270501)]
(Background on this error at: https://sqlalche.me/e/20/f405)
[2026-03-02 03:28:18] WARNING  data_pipeline.DateLoader | Could not create partition dim_date_202705: (psycopg2.errors.InvalidObjectDefinition) "dim_date" is not partitioned

[SQL: CREATE TABLE IF NOT EXISTS dim_date_202705 PARTITION OF dim_date FOR VALUES FROM (20270501) TO (20270601)]
(Background on this error at: https://sqlalche.me/e/20/f405)
[2026-03-02 03:28:18] WARNING  data_pipeline.DateLoader | Could not create partition dim_date_202706: (psycopg2.errors.InvalidObjectDefinition) "dim_date" is not partitioned

[SQL: CREATE TABLE IF NOT EXISTS dim_date_202706 PARTITION OF dim_date FOR VALUES FROM (20270601) TO (20270701)]
(Background on this error at: https://sqlalche.me/e/20/f405)
[2026-03-02 03:28:19] WARNING  data_pipeline.DateLoader | Could not create partition dim_date_202707: (psycopg2.errors.InvalidObjectDefinition) "dim_date" is not partitioned

[SQL: CREATE TABLE IF NOT EXISTS dim_date_202707 PARTITION OF dim_date FOR VALUES FROM (20270701) TO (20270801)]
(Background on this error at: https://sqlalche.me/e/20/f405)
[2026-03-02 03:28:19] WARNING  data_pipeline.DateLoader | Could not create partition dim_date_202708: (psycopg2.errors.InvalidObjectDefinition) "dim_date" is not partitioned

[SQL: CREATE TABLE IF NOT EXISTS dim_date_202708 PARTITION OF dim_date FOR VALUES FROM (20270801) TO (20270901)]
(Background on this error at: https://sqlalche.me/e/20/f405)
[2026-03-02 03:28:19] WARNING  data_pipeline.DateLoader | Could not create partition dim_date_202709: (psycopg2.errors.InvalidObjectDefinition) "dim_date" is not partitioned

[SQL: CREATE TABLE IF NOT EXISTS dim_date_202709 PARTITION OF dim_date FOR VALUES FROM (20270901) TO (20271001)]
(Background on this error at: https://sqlalche.me/e/20/f405)
[2026-03-02 03:28:19] WARNING  data_pipeline.DateLoader | Could not create partition dim_date_202710: (psycopg2.errors.InvalidObjectDefinition) "dim_date" is not partitioned

[SQL: CREATE TABLE IF NOT EXISTS dim_date_202710 PARTITION OF dim_date FOR VALUES FROM (20271001) TO (20271101)]
(Background on this error at: https://sqlalche.me/e/20/f405)
[2026-03-02 03:28:19] WARNING  data_pipeline.DateLoader | Could not create partition dim_date_202711: (psycopg2.errors.InvalidObjectDefinition) "dim_date" is not partitioned

[SQL: CREATE TABLE IF NOT EXISTS dim_date_202711 PARTITION OF dim_date FOR VALUES FROM (20271101) TO (20271201)]
(Background on this error at: https://sqlalche.me/e/20/f405)
[2026-03-02 03:28:19] WARNING  data_pipeline.DateLoader | Could not create partition dim_date_202712: (psycopg2.errors.InvalidObjectDefinition) "dim_date" is not partitioned

[SQL: CREATE TABLE IF NOT EXISTS dim_date_202712 PARTITION OF dim_date FOR VALUES FROM (20271201) TO (20280101)]
(Background on this error at: https://sqlalche.me/e/20/f405)
[2026-03-02 03:28:19] INFO     data_pipeline.DateLoader | Batch 1: upserted 0/500 rows
[2026-03-02 03:28:19] INFO     data_pipeline.DateLoader | Batch 2: upserted 0/500 rows
[2026-03-02 03:28:19] INFO     data_pipeline.DateLoader | Batch 3: upserted 0/461 rows
[2026-03-02 03:28:19] INFO     data_pipeline.date_time_pipeline | Loaded 0 records → dim_date
[2026-03-02 03:32:19] INFO     data_pipeline.database | SQLAlchemy Engine created
[2026-03-02 03:32:19] INFO     data_pipeline.DateTimeTransformer | Generated 48 dim_month_year rows
[2026-03-02 03:32:19] INFO     data_pipeline.DateTimeTransformer | Generated 7 dim_shift rows
[2026-03-02 03:32:19] INFO     data_pipeline.DateTimeTransformer | Generated 1461 dim_date rows
[2026-03-02 03:32:19] INFO     data_pipeline.DateTimeTransformer | Generated 1440 dim_time_of_day rows
[2026-03-02 03:32:20] INFO     data_pipeline.MonthYearLoader | Batch 1: upserted 0/48 rows
[2026-03-02 03:32:20] INFO     data_pipeline.date_time_pipeline | Loaded 0 records → dim_month_year
[2026-03-02 03:32:20] INFO     data_pipeline.ShiftLoader | Batch 1: upserted 7/7 rows
[2026-03-02 03:32:20] INFO     data_pipeline.date_time_pipeline | Loaded 7 records → dim_shift
[2026-03-02 03:32:20] WARNING  data_pipeline.DateLoader | Could not create partition dim_date_202401: (psycopg2.errors.InvalidObjectDefinition) "dim_date" is not partitioned

[SQL: CREATE TABLE IF NOT EXISTS dim_date_202401 PARTITION OF dim_date FOR VALUES FROM (20240101) TO (20240201)]
(Background on this error at: https://sqlalche.me/e/20/f405)
[2026-03-02 03:32:20] WARNING  data_pipeline.DateLoader | Could not create partition dim_date_202402: (psycopg2.errors.InvalidObjectDefinition) "dim_date" is not partitioned

[SQL: CREATE TABLE IF NOT EXISTS dim_date_202402 PARTITION OF dim_date FOR VALUES FROM (20240201) TO (20240301)]
(Background on this error at: https://sqlalche.me/e/20/f405)
[2026-03-02 03:32:20] WARNING  data_pipeline.DateLoader | Could not create partition dim_date_202403: (psycopg2.errors.InvalidObjectDefinition) "dim_date" is not partitioned

[SQL: CREATE TABLE IF NOT EXISTS dim_date_202403 PARTITION OF dim_date FOR VALUES FROM (20240301) TO (20240401)]
(Background on this error at: https://sqlalche.me/e/20/f405)
[2026-03-02 03:32:20] WARNING  data_pipeline.DateLoader | Could not create partition dim_date_202404: (psycopg2.errors.InvalidObjectDefinition) "dim_date" is not partitioned

[SQL: CREATE TABLE IF NOT EXISTS dim_date_202404 PARTITION OF dim_date FOR VALUES FROM (20240401) TO (20240501)]
(Background on this error at: https://sqlalche.me/e/20/f405)
[2026-03-02 03:32:20] WARNING  data_pipeline.DateLoader | Could not create partition dim_date_202405: (psycopg2.errors.InvalidObjectDefinition) "dim_date" is not partitioned

[SQL: CREATE TABLE IF NOT EXISTS dim_date_202405 PARTITION OF dim_date FOR VALUES FROM (20240501) TO (20240601)]
(Background on this error at: https://sqlalche.me/e/20/f405)
[2026-03-02 03:32:20] WARNING  data_pipeline.DateLoader | Could not create partition dim_date_202406: (psycopg2.errors.InvalidObjectDefinition) "dim_date" is not partitioned

[SQL: CREATE TABLE IF NOT EXISTS dim_date_202406 PARTITION OF dim_date FOR VALUES FROM (20240601) TO (20240701)]
(Background on this error at: https://sqlalche.me/e/20/f405)
[2026-03-02 03:32:20] WARNING  data_pipeline.DateLoader | Could not create partition dim_date_202407: (psycopg2.errors.InvalidObjectDefinition) "dim_date" is not partitioned

[SQL: CREATE TABLE IF NOT EXISTS dim_date_202407 PARTITION OF dim_date FOR VALUES FROM (20240701) TO (20240801)]
(Background on this error at: https://sqlalche.me/e/20/f405)
[2026-03-02 03:32:20] WARNING  data_pipeline.DateLoader | Could not create partition dim_date_202408: (psycopg2.errors.InvalidObjectDefinition) "dim_date" is not partitioned

[SQL: CREATE TABLE IF NOT EXISTS dim_date_202408 PARTITION OF dim_date FOR VALUES FROM (20240801) TO (20240901)]
(Background on this error at: https://sqlalche.me/e/20/f405)
[2026-03-02 03:32:20] WARNING  data_pipeline.DateLoader | Could not create partition dim_date_202409: (psycopg2.errors.InvalidObjectDefinition) "dim_date" is not partitioned

[SQL: CREATE TABLE IF NOT EXISTS dim_date_202409 PARTITION OF dim_date FOR VALUES FROM (20240901) TO (20241001)]
(Background on this error at: https://sqlalche.me/e/20/f405)
[2026-03-02 03:32:20] WARNING  data_pipeline.DateLoader | Could not create partition dim_date_202410: (psycopg2.errors.InvalidObjectDefinition) "dim_date" is not partitioned

[SQL: CREATE TABLE IF NOT EXISTS dim_date_202410 PARTITION OF dim_date FOR VALUES FROM (20241001) TO (20241101)]
(Background on this error at: https://sqlalche.me/e/20/f405)
[2026-03-02 03:32:20] WARNING  data_pipeline.DateLoader | Could not create partition dim_date_202411: (psycopg2.errors.InvalidObjectDefinition) "dim_date" is not partitioned

[SQL: CREATE TABLE IF NOT EXISTS dim_date_202411 PARTITION OF dim_date FOR VALUES FROM (20241101) TO (20241201)]
(Background on this error at: https://sqlalche.me/e/20/f405)
[2026-03-02 03:32:20] WARNING  data_pipeline.DateLoader | Could not create partition dim_date_202412: (psycopg2.errors.InvalidObjectDefinition) "dim_date" is not partitioned

[SQL: CREATE TABLE IF NOT EXISTS dim_date_202412 PARTITION OF dim_date FOR VALUES FROM (20241201) TO (20250101)]
(Background on this error at: https://sqlalche.me/e/20/f405)
[2026-03-02 03:32:20] WARNING  data_pipeline.DateLoader | Could not create partition dim_date_202501: (psycopg2.errors.InvalidObjectDefinition) "dim_date" is not partitioned

[SQL: CREATE TABLE IF NOT EXISTS dim_date_202501 PARTITION OF dim_date FOR VALUES FROM (20250101) TO (20250201)]
(Background on this error at: https://sqlalche.me/e/20/f405)
[2026-03-02 03:32:20] WARNING  data_pipeline.DateLoader | Could not create partition dim_date_202502: (psycopg2.errors.InvalidObjectDefinition) "dim_date" is not partitioned

[SQL: CREATE TABLE IF NOT EXISTS dim_date_202502 PARTITION OF dim_date FOR VALUES FROM (20250201) TO (20250301)]
(Background on this error at: https://sqlalche.me/e/20/f405)
[2026-03-02 03:32:20] WARNING  data_pipeline.DateLoader | Could not create partition dim_date_202503: (psycopg2.errors.InvalidObjectDefinition) "dim_date" is not partitioned

[SQL: CREATE TABLE IF NOT EXISTS dim_date_202503 PARTITION OF dim_date FOR VALUES FROM (20250301) TO (20250401)]
(Background on this error at: https://sqlalche.me/e/20/f405)
[2026-03-02 03:32:20] WARNING  data_pipeline.DateLoader | Could not create partition dim_date_202504: (psycopg2.errors.InvalidObjectDefinition) "dim_date" is not partitioned

[SQL: CREATE TABLE IF NOT EXISTS dim_date_202504 PARTITION OF dim_date FOR VALUES FROM (20250401) TO (20250501)]
(Background on this error at: https://sqlalche.me/e/20/f405)
[2026-03-02 03:32:20] WARNING  data_pipeline.DateLoader | Could not create partition dim_date_202505: (psycopg2.errors.InvalidObjectDefinition) "dim_date" is not partitioned

[SQL: CREATE TABLE IF NOT EXISTS dim_date_202505 PARTITION OF dim_date FOR VALUES FROM (20250501) TO (20250601)]
(Background on this error at: https://sqlalche.me/e/20/f405)
[2026-03-02 03:32:20] WARNING  data_pipeline.DateLoader | Could not create partition dim_date_202506: (psycopg2.errors.InvalidObjectDefinition) "dim_date" is not partitioned

[SQL: CREATE TABLE IF NOT EXISTS dim_date_202506 PARTITION OF dim_date FOR VALUES FROM (20250601) TO (20250701)]
(Background on this error at: https://sqlalche.me/e/20/f405)
[2026-03-02 03:32:20] WARNING  data_pipeline.DateLoader | Could not create partition dim_date_202507: (psycopg2.errors.InvalidObjectDefinition) "dim_date" is not partitioned

[SQL: CREATE TABLE IF NOT EXISTS dim_date_202507 PARTITION OF dim_date FOR VALUES FROM (20250701) TO (20250801)]
(Background on this error at: https://sqlalche.me/e/20/f405)
[2026-03-02 03:32:20] WARNING  data_pipeline.DateLoader | Could not create partition dim_date_202508: (psycopg2.errors.InvalidObjectDefinition) "dim_date" is not partitioned

[SQL: CREATE TABLE IF NOT EXISTS dim_date_202508 PARTITION OF dim_date FOR VALUES FROM (20250801) TO (20250901)]
(Background on this error at: https://sqlalche.me/e/20/f405)
[2026-03-02 03:32:20] WARNING  data_pipeline.DateLoader | Could not create partition dim_date_202509: (psycopg2.errors.InvalidObjectDefinition) "dim_date" is not partitioned

[SQL: CREATE TABLE IF NOT EXISTS dim_date_202509 PARTITION OF dim_date FOR VALUES FROM (20250901) TO (20251001)]
(Background on this error at: https://sqlalche.me/e/20/f405)
[2026-03-02 03:32:20] WARNING  data_pipeline.DateLoader | Could not create partition dim_date_202510: (psycopg2.errors.InvalidObjectDefinition) "dim_date" is not partitioned

[SQL: CREATE TABLE IF NOT EXISTS dim_date_202510 PARTITION OF dim_date FOR VALUES FROM (20251001) TO (20251101)]
(Background on this error at: https://sqlalche.me/e/20/f405)
[2026-03-02 03:32:20] WARNING  data_pipeline.DateLoader | Could not create partition dim_date_202511: (psycopg2.errors.InvalidObjectDefinition) "dim_date" is not partitioned

[SQL: CREATE TABLE IF NOT EXISTS dim_date_202511 PARTITION OF dim_date FOR VALUES FROM (20251101) TO (20251201)]
(Background on this error at: https://sqlalche.me/e/20/f405)
[2026-03-02 03:32:20] WARNING  data_pipeline.DateLoader | Could not create partition dim_date_202512: (psycopg2.errors.InvalidObjectDefinition) "dim_date" is not partitioned

[SQL: CREATE TABLE IF NOT EXISTS dim_date_202512 PARTITION OF dim_date FOR VALUES FROM (20251201) TO (20260101)]
(Background on this error at: https://sqlalche.me/e/20/f405)
[2026-03-02 03:32:20] WARNING  data_pipeline.DateLoader | Could not create partition dim_date_202601: (psycopg2.errors.InvalidObjectDefinition) "dim_date" is not partitioned

[SQL: CREATE TABLE IF NOT EXISTS dim_date_202601 PARTITION OF dim_date FOR VALUES FROM (20260101) TO (20260201)]
(Background on this error at: https://sqlalche.me/e/20/f405)
[2026-03-02 03:32:20] WARNING  data_pipeline.DateLoader | Could not create partition dim_date_202602: (psycopg2.errors.InvalidObjectDefinition) "dim_date" is not partitioned

[SQL: CREATE TABLE IF NOT EXISTS dim_date_202602 PARTITION OF dim_date FOR VALUES FROM (20260201) TO (20260301)]
(Background on this error at: https://sqlalche.me/e/20/f405)
[2026-03-02 03:32:20] WARNING  data_pipeline.DateLoader | Could not create partition dim_date_202603: (psycopg2.errors.InvalidObjectDefinition) "dim_date" is not partitioned

[SQL: CREATE TABLE IF NOT EXISTS dim_date_202603 PARTITION OF dim_date FOR VALUES FROM (20260301) TO (20260401)]
(Background on this error at: https://sqlalche.me/e/20/f405)
[2026-03-02 03:32:20] WARNING  data_pipeline.DateLoader | Could not create partition dim_date_202604: (psycopg2.errors.InvalidObjectDefinition) "dim_date" is not partitioned

[SQL: CREATE TABLE IF NOT EXISTS dim_date_202604 PARTITION OF dim_date FOR VALUES FROM (20260401) TO (20260501)]
(Background on this error at: https://sqlalche.me/e/20/f405)
[2026-03-02 03:32:20] WARNING  data_pipeline.DateLoader | Could not create partition dim_date_202605: (psycopg2.errors.InvalidObjectDefinition) "dim_date" is not partitioned

[SQL: CREATE TABLE IF NOT EXISTS dim_date_202605 PARTITION OF dim_date FOR VALUES FROM (20260501) TO (20260601)]
(Background on this error at: https://sqlalche.me/e/20/f405)
[2026-03-02 03:32:20] WARNING  data_pipeline.DateLoader | Could not create partition dim_date_202606: (psycopg2.errors.InvalidObjectDefinition) "dim_date" is not partitioned

[SQL: CREATE TABLE IF NOT EXISTS dim_date_202606 PARTITION OF dim_date FOR VALUES FROM (20260601) TO (20260701)]
(Background on this error at: https://sqlalche.me/e/20/f405)
[2026-03-02 03:32:20] WARNING  data_pipeline.DateLoader | Could not create partition dim_date_202607: (psycopg2.errors.InvalidObjectDefinition) "dim_date" is not partitioned

[SQL: CREATE TABLE IF NOT EXISTS dim_date_202607 PARTITION OF dim_date FOR VALUES FROM (20260701) TO (20260801)]
(Background on this error at: https://sqlalche.me/e/20/f405)
[2026-03-02 03:32:20] WARNING  data_pipeline.DateLoader | Could not create partition dim_date_202608: (psycopg2.errors.InvalidObjectDefinition) "dim_date" is not partitioned

[SQL: CREATE TABLE IF NOT EXISTS dim_date_202608 PARTITION OF dim_date FOR VALUES FROM (20260801) TO (20260901)]
(Background on this error at: https://sqlalche.me/e/20/f405)
[2026-03-02 03:32:20] WARNING  data_pipeline.DateLoader | Could not create partition dim_date_202609: (psycopg2.errors.InvalidObjectDefinition) "dim_date" is not partitioned

[SQL: CREATE TABLE IF NOT EXISTS dim_date_202609 PARTITION OF dim_date FOR VALUES FROM (20260901) TO (20261001)]
(Background on this error at: https://sqlalche.me/e/20/f405)
[2026-03-02 03:32:20] WARNING  data_pipeline.DateLoader | Could not create partition dim_date_202610: (psycopg2.errors.InvalidObjectDefinition) "dim_date" is not partitioned

[SQL: CREATE TABLE IF NOT EXISTS dim_date_202610 PARTITION OF dim_date FOR VALUES FROM (20261001) TO (20261101)]
(Background on this error at: https://sqlalche.me/e/20/f405)
[2026-03-02 03:32:20] WARNING  data_pipeline.DateLoader | Could not create partition dim_date_202611: (psycopg2.errors.InvalidObjectDefinition) "dim_date" is not partitioned

[SQL: CREATE TABLE IF NOT EXISTS dim_date_202611 PARTITION OF dim_date FOR VALUES FROM (20261101) TO (20261201)]
(Background on this error at: https://sqlalche.me/e/20/f405)
[2026-03-02 03:32:20] WARNING  data_pipeline.DateLoader | Could not create partition dim_date_202612: (psycopg2.errors.InvalidObjectDefinition) "dim_date" is not partitioned

[SQL: CREATE TABLE IF NOT EXISTS dim_date_202612 PARTITION OF dim_date FOR VALUES FROM (20261201) TO (20270101)]
(Background on this error at: https://sqlalche.me/e/20/f405)
[2026-03-02 03:32:20] WARNING  data_pipeline.DateLoader | Could not create partition dim_date_202701: (psycopg2.errors.InvalidObjectDefinition) "dim_date" is not partitioned

[SQL: CREATE TABLE IF NOT EXISTS dim_date_202701 PARTITION OF dim_date FOR VALUES FROM (20270101) TO (20270201)]
(Background on this error at: https://sqlalche.me/e/20/f405)
[2026-03-02 03:32:20] WARNING  data_pipeline.DateLoader | Could not create partition dim_date_202702: (psycopg2.errors.InvalidObjectDefinition) "dim_date" is not partitioned

[SQL: CREATE TABLE IF NOT EXISTS dim_date_202702 PARTITION OF dim_date FOR VALUES FROM (20270201) TO (20270301)]
(Background on this error at: https://sqlalche.me/e/20/f405)
[2026-03-02 03:32:20] WARNING  data_pipeline.DateLoader | Could not create partition dim_date_202703: (psycopg2.errors.InvalidObjectDefinition) "dim_date" is not partitioned

[SQL: CREATE TABLE IF NOT EXISTS dim_date_202703 PARTITION OF dim_date FOR VALUES FROM (20270301) TO (20270401)]
(Background on this error at: https://sqlalche.me/e/20/f405)
[2026-03-02 03:32:20] WARNING  data_pipeline.DateLoader | Could not create partition dim_date_202704: (psycopg2.errors.InvalidObjectDefinition) "dim_date" is not partitioned

[SQL: CREATE TABLE IF NOT EXISTS dim_date_202704 PARTITION OF dim_date FOR VALUES FROM (20270401) TO (20270501)]
(Background on this error at: https://sqlalche.me/e/20/f405)
[2026-03-02 03:32:20] WARNING  data_pipeline.DateLoader | Could not create partition dim_date_202705: (psycopg2.errors.InvalidObjectDefinition) "dim_date" is not partitioned

[SQL: CREATE TABLE IF NOT EXISTS dim_date_202705 PARTITION OF dim_date FOR VALUES FROM (20270501) TO (20270601)]
(Background on this error at: https://sqlalche.me/e/20/f405)
[2026-03-02 03:32:20] WARNING  data_pipeline.DateLoader | Could not create partition dim_date_202706: (psycopg2.errors.InvalidObjectDefinition) "dim_date" is not partitioned

[SQL: CREATE TABLE IF NOT EXISTS dim_date_202706 PARTITION OF dim_date FOR VALUES FROM (20270601) TO (20270701)]
(Background on this error at: https://sqlalche.me/e/20/f405)
[2026-03-02 03:32:20] WARNING  data_pipeline.DateLoader | Could not create partition dim_date_202707: (psycopg2.errors.InvalidObjectDefinition) "dim_date" is not partitioned

[SQL: CREATE TABLE IF NOT EXISTS dim_date_202707 PARTITION OF dim_date FOR VALUES FROM (20270701) TO (20270801)]
(Background on this error at: https://sqlalche.me/e/20/f405)
[2026-03-02 03:32:20] WARNING  data_pipeline.DateLoader | Could not create partition dim_date_202708: (psycopg2.errors.InvalidObjectDefinition) "dim_date" is not partitioned

[SQL: CREATE TABLE IF NOT EXISTS dim_date_202708 PARTITION OF dim_date FOR VALUES FROM (20270801) TO (20270901)]
(Background on this error at: https://sqlalche.me/e/20/f405)
[2026-03-02 03:32:20] WARNING  data_pipeline.DateLoader | Could not create partition dim_date_202709: (psycopg2.errors.InvalidObjectDefinition) "dim_date" is not partitioned

[SQL: CREATE TABLE IF NOT EXISTS dim_date_202709 PARTITION OF dim_date FOR VALUES FROM (20270901) TO (20271001)]
(Background on this error at: https://sqlalche.me/e/20/f405)
[2026-03-02 03:32:20] WARNING  data_pipeline.DateLoader | Could not create partition dim_date_202710: (psycopg2.errors.InvalidObjectDefinition) "dim_date" is not partitioned

[SQL: CREATE TABLE IF NOT EXISTS dim_date_202710 PARTITION OF dim_date FOR VALUES FROM (20271001) TO (20271101)]
(Background on this error at: https://sqlalche.me/e/20/f405)
[2026-03-02 03:32:20] WARNING  data_pipeline.DateLoader | Could not create partition dim_date_202711: (psycopg2.errors.InvalidObjectDefinition) "dim_date" is not partitioned

[SQL: CREATE TABLE IF NOT EXISTS dim_date_202711 PARTITION OF dim_date FOR VALUES FROM (20271101) TO (20271201)]
(Background on this error at: https://sqlalche.me/e/20/f405)
[2026-03-02 03:32:20] WARNING  data_pipeline.DateLoader | Could not create partition dim_date_202712: (psycopg2.errors.InvalidObjectDefinition) "dim_date" is not partitioned

[SQL: CREATE TABLE IF NOT EXISTS dim_date_202712 PARTITION OF dim_date FOR VALUES FROM (20271201) TO (20280101)]
(Background on this error at: https://sqlalche.me/e/20/f405)
[2026-03-02 03:32:20] INFO     data_pipeline.DateLoader | Batch 1: upserted 0/500 rows
[2026-03-02 03:32:20] INFO     data_pipeline.DateLoader | Batch 2: upserted 0/500 rows
[2026-03-02 03:32:20] INFO     data_pipeline.DateLoader | Batch 3: upserted 0/461 rows
[2026-03-02 03:32:20] INFO     data_pipeline.date_time_pipeline | Loaded 0 records → dim_date
[2026-03-02 03:32:29] INFO     data_pipeline.database | SQLAlchemy Engine created
[2026-03-02 03:32:30] INFO     data_pipeline.DateTimeTransformer | Generated 48 dim_month_year rows
[2026-03-02 03:32:30] INFO     data_pipeline.DateTimeTransformer | Generated 7 dim_shift rows
[2026-03-02 03:32:30] INFO     data_pipeline.DateTimeTransformer | Generated 1461 dim_date rows
[2026-03-02 03:32:30] INFO     data_pipeline.DateTimeTransformer | Generated 1440 dim_time_of_day rows
[2026-03-02 03:32:30] INFO     data_pipeline.MonthYearLoader | Batch 1: upserted 0/48 rows
[2026-03-02 03:32:30] INFO     data_pipeline.date_time_pipeline | Loaded 0 records → dim_month_year
[2026-03-02 03:32:30] INFO     data_pipeline.ShiftLoader | Batch 1: upserted 7/7 rows
[2026-03-02 03:32:30] INFO     data_pipeline.date_time_pipeline | Loaded 7 records → dim_shift
[2026-03-02 03:32:30] WARNING  data_pipeline.DateLoader | Could not create partition dim_date_202401: (psycopg2.errors.InvalidObjectDefinition) "dim_date" is not partitioned

[SQL: CREATE TABLE IF NOT EXISTS dim_date_202401 PARTITION OF dim_date FOR VALUES FROM (20240101) TO (20240201)]
(Background on this error at: https://sqlalche.me/e/20/f405)
[2026-03-02 03:32:30] WARNING  data_pipeline.DateLoader | Could not create partition dim_date_202402: (psycopg2.errors.InvalidObjectDefinition) "dim_date" is not partitioned

[SQL: CREATE TABLE IF NOT EXISTS dim_date_202402 PARTITION OF dim_date FOR VALUES FROM (20240201) TO (20240301)]
(Background on this error at: https://sqlalche.me/e/20/f405)
[2026-03-02 03:32:30] WARNING  data_pipeline.DateLoader | Could not create partition dim_date_202403: (psycopg2.errors.InvalidObjectDefinition) "dim_date" is not partitioned

[SQL: CREATE TABLE IF NOT EXISTS dim_date_202403 PARTITION OF dim_date FOR VALUES FROM (20240301) TO (20240401)]
(Background on this error at: https://sqlalche.me/e/20/f405)
[2026-03-02 03:32:30] WARNING  data_pipeline.DateLoader | Could not create partition dim_date_202404: (psycopg2.errors.InvalidObjectDefinition) "dim_date" is not partitioned

[SQL: CREATE TABLE IF NOT EXISTS dim_date_202404 PARTITION OF dim_date FOR VALUES FROM (20240401) TO (20240501)]
(Background on this error at: https://sqlalche.me/e/20/f405)
[2026-03-02 03:32:30] WARNING  data_pipeline.DateLoader | Could not create partition dim_date_202405: (psycopg2.errors.InvalidObjectDefinition) "dim_date" is not partitioned

[SQL: CREATE TABLE IF NOT EXISTS dim_date_202405 PARTITION OF dim_date FOR VALUES FROM (20240501) TO (20240601)]
(Background on this error at: https://sqlalche.me/e/20/f405)
[2026-03-02 03:32:30] WARNING  data_pipeline.DateLoader | Could not create partition dim_date_202406: (psycopg2.errors.InvalidObjectDefinition) "dim_date" is not partitioned

[SQL: CREATE TABLE IF NOT EXISTS dim_date_202406 PARTITION OF dim_date FOR VALUES FROM (20240601) TO (20240701)]
(Background on this error at: https://sqlalche.me/e/20/f405)
[2026-03-02 03:32:30] WARNING  data_pipeline.DateLoader | Could not create partition dim_date_202407: (psycopg2.errors.InvalidObjectDefinition) "dim_date" is not partitioned

[SQL: CREATE TABLE IF NOT EXISTS dim_date_202407 PARTITION OF dim_date FOR VALUES FROM (20240701) TO (20240801)]
(Background on this error at: https://sqlalche.me/e/20/f405)
[2026-03-02 03:32:30] WARNING  data_pipeline.DateLoader | Could not create partition dim_date_202408: (psycopg2.errors.InvalidObjectDefinition) "dim_date" is not partitioned

[SQL: CREATE TABLE IF NOT EXISTS dim_date_202408 PARTITION OF dim_date FOR VALUES FROM (20240801) TO (20240901)]
(Background on this error at: https://sqlalche.me/e/20/f405)
[2026-03-02 03:32:30] WARNING  data_pipeline.DateLoader | Could not create partition dim_date_202409: (psycopg2.errors.InvalidObjectDefinition) "dim_date" is not partitioned

[SQL: CREATE TABLE IF NOT EXISTS dim_date_202409 PARTITION OF dim_date FOR VALUES FROM (20240901) TO (20241001)]
(Background on this error at: https://sqlalche.me/e/20/f405)
[2026-03-02 03:32:30] WARNING  data_pipeline.DateLoader | Could not create partition dim_date_202410: (psycopg2.errors.InvalidObjectDefinition) "dim_date" is not partitioned

[SQL: CREATE TABLE IF NOT EXISTS dim_date_202410 PARTITION OF dim_date FOR VALUES FROM (20241001) TO (20241101)]
(Background on this error at: https://sqlalche.me/e/20/f405)
[2026-03-02 03:32:30] WARNING  data_pipeline.DateLoader | Could not create partition dim_date_202411: (psycopg2.errors.InvalidObjectDefinition) "dim_date" is not partitioned

[SQL: CREATE TABLE IF NOT EXISTS dim_date_202411 PARTITION OF dim_date FOR VALUES FROM (20241101) TO (20241201)]
(Background on this error at: https://sqlalche.me/e/20/f405)
[2026-03-02 03:32:30] WARNING  data_pipeline.DateLoader | Could not create partition dim_date_202412: (psycopg2.errors.InvalidObjectDefinition) "dim_date" is not partitioned

[SQL: CREATE TABLE IF NOT EXISTS dim_date_202412 PARTITION OF dim_date FOR VALUES FROM (20241201) TO (20250101)]
(Background on this error at: https://sqlalche.me/e/20/f405)
[2026-03-02 03:32:30] WARNING  data_pipeline.DateLoader | Could not create partition dim_date_202501: (psycopg2.errors.InvalidObjectDefinition) "dim_date" is not partitioned

[SQL: CREATE TABLE IF NOT EXISTS dim_date_202501 PARTITION OF dim_date FOR VALUES FROM (20250101) TO (20250201)]
(Background on this error at: https://sqlalche.me/e/20/f405)
[2026-03-02 03:32:30] WARNING  data_pipeline.DateLoader | Could not create partition dim_date_202502: (psycopg2.errors.InvalidObjectDefinition) "dim_date" is not partitioned

[SQL: CREATE TABLE IF NOT EXISTS dim_date_202502 PARTITION OF dim_date FOR VALUES FROM (20250201) TO (20250301)]
(Background on this error at: https://sqlalche.me/e/20/f405)
[2026-03-02 03:32:30] WARNING  data_pipeline.DateLoader | Could not create partition dim_date_202503: (psycopg2.errors.InvalidObjectDefinition) "dim_date" is not partitioned

[SQL: CREATE TABLE IF NOT EXISTS dim_date_202503 PARTITION OF dim_date FOR VALUES FROM (20250301) TO (20250401)]
(Background on this error at: https://sqlalche.me/e/20/f405)
[2026-03-02 03:32:30] WARNING  data_pipeline.DateLoader | Could not create partition dim_date_202504: (psycopg2.errors.InvalidObjectDefinition) "dim_date" is not partitioned

[SQL: CREATE TABLE IF NOT EXISTS dim_date_202504 PARTITION OF dim_date FOR VALUES FROM (20250401) TO (20250501)]
(Background on this error at: https://sqlalche.me/e/20/f405)
[2026-03-02 03:32:30] WARNING  data_pipeline.DateLoader | Could not create partition dim_date_202505: (psycopg2.errors.InvalidObjectDefinition) "dim_date" is not partitioned

[SQL: CREATE TABLE IF NOT EXISTS dim_date_202505 PARTITION OF dim_date FOR VALUES FROM (20250501) TO (20250601)]
(Background on this error at: https://sqlalche.me/e/20/f405)
[2026-03-02 03:32:30] WARNING  data_pipeline.DateLoader | Could not create partition dim_date_202506: (psycopg2.errors.InvalidObjectDefinition) "dim_date" is not partitioned

[SQL: CREATE TABLE IF NOT EXISTS dim_date_202506 PARTITION OF dim_date FOR VALUES FROM (20250601) TO (20250701)]
(Background on this error at: https://sqlalche.me/e/20/f405)
[2026-03-02 03:32:30] WARNING  data_pipeline.DateLoader | Could not create partition dim_date_202507: (psycopg2.errors.InvalidObjectDefinition) "dim_date" is not partitioned

[SQL: CREATE TABLE IF NOT EXISTS dim_date_202507 PARTITION OF dim_date FOR VALUES FROM (20250701) TO (20250801)]
(Background on this error at: https://sqlalche.me/e/20/f405)
[2026-03-02 03:32:30] WARNING  data_pipeline.DateLoader | Could not create partition dim_date_202508: (psycopg2.errors.InvalidObjectDefinition) "dim_date" is not partitioned

[SQL: CREATE TABLE IF NOT EXISTS dim_date_202508 PARTITION OF dim_date FOR VALUES FROM (20250801) TO (20250901)]
(Background on this error at: https://sqlalche.me/e/20/f405)
[2026-03-02 03:32:30] WARNING  data_pipeline.DateLoader | Could not create partition dim_date_202509: (psycopg2.errors.InvalidObjectDefinition) "dim_date" is not partitioned

[SQL: CREATE TABLE IF NOT EXISTS dim_date_202509 PARTITION OF dim_date FOR VALUES FROM (20250901) TO (20251001)]
(Background on this error at: https://sqlalche.me/e/20/f405)
[2026-03-02 03:32:30] WARNING  data_pipeline.DateLoader | Could not create partition dim_date_202510: (psycopg2.errors.InvalidObjectDefinition) "dim_date" is not partitioned

[SQL: CREATE TABLE IF NOT EXISTS dim_date_202510 PARTITION OF dim_date FOR VALUES FROM (20251001) TO (20251101)]
(Background on this error at: https://sqlalche.me/e/20/f405)
[2026-03-02 03:32:30] WARNING  data_pipeline.DateLoader | Could not create partition dim_date_202511: (psycopg2.errors.InvalidObjectDefinition) "dim_date" is not partitioned

[SQL: CREATE TABLE IF NOT EXISTS dim_date_202511 PARTITION OF dim_date FOR VALUES FROM (20251101) TO (20251201)]
(Background on this error at: https://sqlalche.me/e/20/f405)
[2026-03-02 03:32:30] WARNING  data_pipeline.DateLoader | Could not create partition dim_date_202512: (psycopg2.errors.InvalidObjectDefinition) "dim_date" is not partitioned

[SQL: CREATE TABLE IF NOT EXISTS dim_date_202512 PARTITION OF dim_date FOR VALUES FROM (20251201) TO (20260101)]
(Background on this error at: https://sqlalche.me/e/20/f405)
[2026-03-02 03:32:30] WARNING  data_pipeline.DateLoader | Could not create partition dim_date_202601: (psycopg2.errors.InvalidObjectDefinition) "dim_date" is not partitioned

[SQL: CREATE TABLE IF NOT EXISTS dim_date_202601 PARTITION OF dim_date FOR VALUES FROM (20260101) TO (20260201)]
(Background on this error at: https://sqlalche.me/e/20/f405)
[2026-03-02 03:32:30] WARNING  data_pipeline.DateLoader | Could not create partition dim_date_202602: (psycopg2.errors.InvalidObjectDefinition) "dim_date" is not partitioned

[SQL: CREATE TABLE IF NOT EXISTS dim_date_202602 PARTITION OF dim_date FOR VALUES FROM (20260201) TO (20260301)]
(Background on this error at: https://sqlalche.me/e/20/f405)
[2026-03-02 03:32:30] WARNING  data_pipeline.DateLoader | Could not create partition dim_date_202603: (psycopg2.errors.InvalidObjectDefinition) "dim_date" is not partitioned

[SQL: CREATE TABLE IF NOT EXISTS dim_date_202603 PARTITION OF dim_date FOR VALUES FROM (20260301) TO (20260401)]
(Background on this error at: https://sqlalche.me/e/20/f405)
[2026-03-02 03:32:30] WARNING  data_pipeline.DateLoader | Could not create partition dim_date_202604: (psycopg2.errors.InvalidObjectDefinition) "dim_date" is not partitioned

[SQL: CREATE TABLE IF NOT EXISTS dim_date_202604 PARTITION OF dim_date FOR VALUES FROM (20260401) TO (20260501)]
(Background on this error at: https://sqlalche.me/e/20/f405)
[2026-03-02 03:32:30] WARNING  data_pipeline.DateLoader | Could not create partition dim_date_202605: (psycopg2.errors.InvalidObjectDefinition) "dim_date" is not partitioned

[SQL: CREATE TABLE IF NOT EXISTS dim_date_202605 PARTITION OF dim_date FOR VALUES FROM (20260501) TO (20260601)]
(Background on this error at: https://sqlalche.me/e/20/f405)
[2026-03-02 03:32:30] WARNING  data_pipeline.DateLoader | Could not create partition dim_date_202606: (psycopg2.errors.InvalidObjectDefinition) "dim_date" is not partitioned

[SQL: CREATE TABLE IF NOT EXISTS dim_date_202606 PARTITION OF dim_date FOR VALUES FROM (20260601) TO (20260701)]
(Background on this error at: https://sqlalche.me/e/20/f405)
[2026-03-02 03:32:30] WARNING  data_pipeline.DateLoader | Could not create partition dim_date_202607: (psycopg2.errors.InvalidObjectDefinition) "dim_date" is not partitioned

[SQL: CREATE TABLE IF NOT EXISTS dim_date_202607 PARTITION OF dim_date FOR VALUES FROM (20260701) TO (20260801)]
(Background on this error at: https://sqlalche.me/e/20/f405)
[2026-03-02 03:32:30] WARNING  data_pipeline.DateLoader | Could not create partition dim_date_202608: (psycopg2.errors.InvalidObjectDefinition) "dim_date" is not partitioned

[SQL: CREATE TABLE IF NOT EXISTS dim_date_202608 PARTITION OF dim_date FOR VALUES FROM (20260801) TO (20260901)]
(Background on this error at: https://sqlalche.me/e/20/f405)
[2026-03-02 03:32:30] WARNING  data_pipeline.DateLoader | Could not create partition dim_date_202609: (psycopg2.errors.InvalidObjectDefinition) "dim_date" is not partitioned

[SQL: CREATE TABLE IF NOT EXISTS dim_date_202609 PARTITION OF dim_date FOR VALUES FROM (20260901) TO (20261001)]
(Background on this error at: https://sqlalche.me/e/20/f405)
[2026-03-02 03:32:30] WARNING  data_pipeline.DateLoader | Could not create partition dim_date_202610: (psycopg2.errors.InvalidObjectDefinition) "dim_date" is not partitioned

[SQL: CREATE TABLE IF NOT EXISTS dim_date_202610 PARTITION OF dim_date FOR VALUES FROM (20261001) TO (20261101)]
(Background on this error at: https://sqlalche.me/e/20/f405)
[2026-03-02 03:32:30] WARNING  data_pipeline.DateLoader | Could not create partition dim_date_202611: (psycopg2.errors.InvalidObjectDefinition) "dim_date" is not partitioned

[SQL: CREATE TABLE IF NOT EXISTS dim_date_202611 PARTITION OF dim_date FOR VALUES FROM (20261101) TO (20261201)]
(Background on this error at: https://sqlalche.me/e/20/f405)
[2026-03-02 03:32:30] WARNING  data_pipeline.DateLoader | Could not create partition dim_date_202612: (psycopg2.errors.InvalidObjectDefinition) "dim_date" is not partitioned

[SQL: CREATE TABLE IF NOT EXISTS dim_date_202612 PARTITION OF dim_date FOR VALUES FROM (20261201) TO (20270101)]
(Background on this error at: https://sqlalche.me/e/20/f405)
[2026-03-02 03:32:30] WARNING  data_pipeline.DateLoader | Could not create partition dim_date_202701: (psycopg2.errors.InvalidObjectDefinition) "dim_date" is not partitioned

[SQL: CREATE TABLE IF NOT EXISTS dim_date_202701 PARTITION OF dim_date FOR VALUES FROM (20270101) TO (20270201)]
(Background on this error at: https://sqlalche.me/e/20/f405)
[2026-03-02 03:32:30] WARNING  data_pipeline.DateLoader | Could not create partition dim_date_202702: (psycopg2.errors.InvalidObjectDefinition) "dim_date" is not partitioned

[SQL: CREATE TABLE IF NOT EXISTS dim_date_202702 PARTITION OF dim_date FOR VALUES FROM (20270201) TO (20270301)]
(Background on this error at: https://sqlalche.me/e/20/f405)
[2026-03-02 03:32:30] WARNING  data_pipeline.DateLoader | Could not create partition dim_date_202703: (psycopg2.errors.InvalidObjectDefinition) "dim_date" is not partitioned

[SQL: CREATE TABLE IF NOT EXISTS dim_date_202703 PARTITION OF dim_date FOR VALUES FROM (20270301) TO (20270401)]
(Background on this error at: https://sqlalche.me/e/20/f405)
[2026-03-02 03:32:30] WARNING  data_pipeline.DateLoader | Could not create partition dim_date_202704: (psycopg2.errors.InvalidObjectDefinition) "dim_date" is not partitioned

[SQL: CREATE TABLE IF NOT EXISTS dim_date_202704 PARTITION OF dim_date FOR VALUES FROM (20270401) TO (20270501)]
(Background on this error at: https://sqlalche.me/e/20/f405)
[2026-03-02 03:32:30] WARNING  data_pipeline.DateLoader | Could not create partition dim_date_202705: (psycopg2.errors.InvalidObjectDefinition) "dim_date" is not partitioned

[SQL: CREATE TABLE IF NOT EXISTS dim_date_202705 PARTITION OF dim_date FOR VALUES FROM (20270501) TO (20270601)]
(Background on this error at: https://sqlalche.me/e/20/f405)
[2026-03-02 03:32:30] WARNING  data_pipeline.DateLoader | Could not create partition dim_date_202706: (psycopg2.errors.InvalidObjectDefinition) "dim_date" is not partitioned

[SQL: CREATE TABLE IF NOT EXISTS dim_date_202706 PARTITION OF dim_date FOR VALUES FROM (20270601) TO (20270701)]
(Background on this error at: https://sqlalche.me/e/20/f405)
[2026-03-02 03:32:30] WARNING  data_pipeline.DateLoader | Could not create partition dim_date_202707: (psycopg2.errors.InvalidObjectDefinition) "dim_date" is not partitioned

[SQL: CREATE TABLE IF NOT EXISTS dim_date_202707 PARTITION OF dim_date FOR VALUES FROM (20270701) TO (20270801)]
(Background on this error at: https://sqlalche.me/e/20/f405)
[2026-03-02 03:32:30] WARNING  data_pipeline.DateLoader | Could not create partition dim_date_202708: (psycopg2.errors.InvalidObjectDefinition) "dim_date" is not partitioned

[SQL: CREATE TABLE IF NOT EXISTS dim_date_202708 PARTITION OF dim_date FOR VALUES FROM (20270801) TO (20270901)]
(Background on this error at: https://sqlalche.me/e/20/f405)
[2026-03-02 03:32:30] WARNING  data_pipeline.DateLoader | Could not create partition dim_date_202709: (psycopg2.errors.InvalidObjectDefinition) "dim_date" is not partitioned

[SQL: CREATE TABLE IF NOT EXISTS dim_date_202709 PARTITION OF dim_date FOR VALUES FROM (20270901) TO (20271001)]
(Background on this error at: https://sqlalche.me/e/20/f405)
[2026-03-02 03:32:30] WARNING  data_pipeline.DateLoader | Could not create partition dim_date_202710: (psycopg2.errors.InvalidObjectDefinition) "dim_date" is not partitioned

[SQL: CREATE TABLE IF NOT EXISTS dim_date_202710 PARTITION OF dim_date FOR VALUES FROM (20271001) TO (20271101)]
(Background on this error at: https://sqlalche.me/e/20/f405)
[2026-03-02 03:32:30] WARNING  data_pipeline.DateLoader | Could not create partition dim_date_202711: (psycopg2.errors.InvalidObjectDefinition) "dim_date" is not partitioned

[SQL: CREATE TABLE IF NOT EXISTS dim_date_202711 PARTITION OF dim_date FOR VALUES FROM (20271101) TO (20271201)]
(Background on this error at: https://sqlalche.me/e/20/f405)
[2026-03-02 03:32:30] WARNING  data_pipeline.DateLoader | Could not create partition dim_date_202712: (psycopg2.errors.InvalidObjectDefinition) "dim_date" is not partitioned

[SQL: CREATE TABLE IF NOT EXISTS dim_date_202712 PARTITION OF dim_date FOR VALUES FROM (20271201) TO (20280101)]
(Background on this error at: https://sqlalche.me/e/20/f405)
[2026-03-02 03:32:30] INFO     data_pipeline.DateLoader | Batch 1: upserted 0/500 rows
[2026-03-02 03:32:31] INFO     data_pipeline.DateLoader | Batch 2: upserted 0/500 rows
[2026-03-02 03:32:31] INFO     data_pipeline.DateLoader | Batch 3: upserted 0/461 rows
[2026-03-02 03:32:31] INFO     data_pipeline.date_time_pipeline | Loaded 0 records → dim_date
[2026-03-02 03:33:25] INFO     data_pipeline.database | SQLAlchemy Engine created
[2026-03-02 03:33:25] INFO     data_pipeline.DateTimeTransformer | Generated 48 dim_month_year rows
[2026-03-02 03:33:25] INFO     data_pipeline.DateTimeTransformer | Generated 7 dim_shift rows
[2026-03-02 03:33:25] INFO     data_pipeline.DateTimeTransformer | Generated 1461 dim_date rows
[2026-03-02 03:33:25] INFO     data_pipeline.DateTimeTransformer | Generated 1440 dim_time_of_day rows
[2026-03-02 03:33:26] INFO     data_pipeline.MonthYearLoader | Batch 1: upserted 0/48 rows
[2026-03-02 03:33:26] INFO     data_pipeline.date_time_pipeline | Loaded 0 records → dim_month_year
[2026-03-02 03:33:26] INFO     data_pipeline.ShiftLoader | Batch 1: upserted 7/7 rows
[2026-03-02 03:33:26] INFO     data_pipeline.date_time_pipeline | Loaded 7 records → dim_shift
[2026-03-02 03:33:26] WARNING  data_pipeline.DateLoader | Could not create partition dim_date_202401: (psycopg2.errors.InvalidObjectDefinition) "dim_date" is not partitioned

[SQL: CREATE TABLE IF NOT EXISTS dim_date_202401 PARTITION OF dim_date FOR VALUES FROM (20240101) TO (20240201)]
(Background on this error at: https://sqlalche.me/e/20/f405)
[2026-03-02 03:33:26] WARNING  data_pipeline.DateLoader | Could not create partition dim_date_202402: (psycopg2.errors.InvalidObjectDefinition) "dim_date" is not partitioned

[SQL: CREATE TABLE IF NOT EXISTS dim_date_202402 PARTITION OF dim_date FOR VALUES FROM (20240201) TO (20240301)]
(Background on this error at: https://sqlalche.me/e/20/f405)
[2026-03-02 03:33:26] WARNING  data_pipeline.DateLoader | Could not create partition dim_date_202403: (psycopg2.errors.InvalidObjectDefinition) "dim_date" is not partitioned

[SQL: CREATE TABLE IF NOT EXISTS dim_date_202403 PARTITION OF dim_date FOR VALUES FROM (20240301) TO (20240401)]
(Background on this error at: https://sqlalche.me/e/20/f405)
[2026-03-02 03:33:26] WARNING  data_pipeline.DateLoader | Could not create partition dim_date_202404: (psycopg2.errors.InvalidObjectDefinition) "dim_date" is not partitioned

[SQL: CREATE TABLE IF NOT EXISTS dim_date_202404 PARTITION OF dim_date FOR VALUES FROM (20240401) TO (20240501)]
(Background on this error at: https://sqlalche.me/e/20/f405)
[2026-03-02 03:33:26] WARNING  data_pipeline.DateLoader | Could not create partition dim_date_202405: (psycopg2.errors.InvalidObjectDefinition) "dim_date" is not partitioned

[SQL: CREATE TABLE IF NOT EXISTS dim_date_202405 PARTITION OF dim_date FOR VALUES FROM (20240501) TO (20240601)]
(Background on this error at: https://sqlalche.me/e/20/f405)
[2026-03-02 03:33:26] WARNING  data_pipeline.DateLoader | Could not create partition dim_date_202406: (psycopg2.errors.InvalidObjectDefinition) "dim_date" is not partitioned

[SQL: CREATE TABLE IF NOT EXISTS dim_date_202406 PARTITION OF dim_date FOR VALUES FROM (20240601) TO (20240701)]
(Background on this error at: https://sqlalche.me/e/20/f405)
[2026-03-02 03:33:26] WARNING  data_pipeline.DateLoader | Could not create partition dim_date_202407: (psycopg2.errors.InvalidObjectDefinition) "dim_date" is not partitioned

[SQL: CREATE TABLE IF NOT EXISTS dim_date_202407 PARTITION OF dim_date FOR VALUES FROM (20240701) TO (20240801)]
(Background on this error at: https://sqlalche.me/e/20/f405)
[2026-03-02 03:33:26] WARNING  data_pipeline.DateLoader | Could not create partition dim_date_202408: (psycopg2.errors.InvalidObjectDefinition) "dim_date" is not partitioned

[SQL: CREATE TABLE IF NOT EXISTS dim_date_202408 PARTITION OF dim_date FOR VALUES FROM (20240801) TO (20240901)]
(Background on this error at: https://sqlalche.me/e/20/f405)
[2026-03-02 03:33:26] WARNING  data_pipeline.DateLoader | Could not create partition dim_date_202409: (psycopg2.errors.InvalidObjectDefinition) "dim_date" is not partitioned

[SQL: CREATE TABLE IF NOT EXISTS dim_date_202409 PARTITION OF dim_date FOR VALUES FROM (20240901) TO (20241001)]
(Background on this error at: https://sqlalche.me/e/20/f405)
[2026-03-02 03:33:26] WARNING  data_pipeline.DateLoader | Could not create partition dim_date_202410: (psycopg2.errors.InvalidObjectDefinition) "dim_date" is not partitioned

[SQL: CREATE TABLE IF NOT EXISTS dim_date_202410 PARTITION OF dim_date FOR VALUES FROM (20241001) TO (20241101)]
(Background on this error at: https://sqlalche.me/e/20/f405)
[2026-03-02 03:33:26] WARNING  data_pipeline.DateLoader | Could not create partition dim_date_202411: (psycopg2.errors.InvalidObjectDefinition) "dim_date" is not partitioned

[SQL: CREATE TABLE IF NOT EXISTS dim_date_202411 PARTITION OF dim_date FOR VALUES FROM (20241101) TO (20241201)]
(Background on this error at: https://sqlalche.me/e/20/f405)
[2026-03-02 03:33:26] WARNING  data_pipeline.DateLoader | Could not create partition dim_date_202412: (psycopg2.errors.InvalidObjectDefinition) "dim_date" is not partitioned

[SQL: CREATE TABLE IF NOT EXISTS dim_date_202412 PARTITION OF dim_date FOR VALUES FROM (20241201) TO (20250101)]
(Background on this error at: https://sqlalche.me/e/20/f405)
[2026-03-02 03:33:26] WARNING  data_pipeline.DateLoader | Could not create partition dim_date_202501: (psycopg2.errors.InvalidObjectDefinition) "dim_date" is not partitioned

[SQL: CREATE TABLE IF NOT EXISTS dim_date_202501 PARTITION OF dim_date FOR VALUES FROM (20250101) TO (20250201)]
(Background on this error at: https://sqlalche.me/e/20/f405)
[2026-03-02 03:33:26] WARNING  data_pipeline.DateLoader | Could not create partition dim_date_202502: (psycopg2.errors.InvalidObjectDefinition) "dim_date" is not partitioned

[SQL: CREATE TABLE IF NOT EXISTS dim_date_202502 PARTITION OF dim_date FOR VALUES FROM (20250201) TO (20250301)]
(Background on this error at: https://sqlalche.me/e/20/f405)
[2026-03-02 03:33:26] WARNING  data_pipeline.DateLoader | Could not create partition dim_date_202503: (psycopg2.errors.InvalidObjectDefinition) "dim_date" is not partitioned

[SQL: CREATE TABLE IF NOT EXISTS dim_date_202503 PARTITION OF dim_date FOR VALUES FROM (20250301) TO (20250401)]
(Background on this error at: https://sqlalche.me/e/20/f405)
[2026-03-02 03:33:26] WARNING  data_pipeline.DateLoader | Could not create partition dim_date_202504: (psycopg2.errors.InvalidObjectDefinition) "dim_date" is not partitioned

[SQL: CREATE TABLE IF NOT EXISTS dim_date_202504 PARTITION OF dim_date FOR VALUES FROM (20250401) TO (20250501)]
(Background on this error at: https://sqlalche.me/e/20/f405)
[2026-03-02 03:33:26] WARNING  data_pipeline.DateLoader | Could not create partition dim_date_202505: (psycopg2.errors.InvalidObjectDefinition) "dim_date" is not partitioned

[SQL: CREATE TABLE IF NOT EXISTS dim_date_202505 PARTITION OF dim_date FOR VALUES FROM (20250501) TO (20250601)]
(Background on this error at: https://sqlalche.me/e/20/f405)
[2026-03-02 03:33:26] WARNING  data_pipeline.DateLoader | Could not create partition dim_date_202506: (psycopg2.errors.InvalidObjectDefinition) "dim_date" is not partitioned

[SQL: CREATE TABLE IF NOT EXISTS dim_date_202506 PARTITION OF dim_date FOR VALUES FROM (20250601) TO (20250701)]
(Background on this error at: https://sqlalche.me/e/20/f405)
[2026-03-02 03:33:26] WARNING  data_pipeline.DateLoader | Could not create partition dim_date_202507: (psycopg2.errors.InvalidObjectDefinition) "dim_date" is not partitioned

[SQL: CREATE TABLE IF NOT EXISTS dim_date_202507 PARTITION OF dim_date FOR VALUES FROM (20250701) TO (20250801)]
(Background on this error at: https://sqlalche.me/e/20/f405)
[2026-03-02 03:33:26] WARNING  data_pipeline.DateLoader | Could not create partition dim_date_202508: (psycopg2.errors.InvalidObjectDefinition) "dim_date" is not partitioned

[SQL: CREATE TABLE IF NOT EXISTS dim_date_202508 PARTITION OF dim_date FOR VALUES FROM (20250801) TO (20250901)]
(Background on this error at: https://sqlalche.me/e/20/f405)
[2026-03-02 03:33:26] WARNING  data_pipeline.DateLoader | Could not create partition dim_date_202509: (psycopg2.errors.InvalidObjectDefinition) "dim_date" is not partitioned

[SQL: CREATE TABLE IF NOT EXISTS dim_date_202509 PARTITION OF dim_date FOR VALUES FROM (20250901) TO (20251001)]
(Background on this error at: https://sqlalche.me/e/20/f405)
[2026-03-02 03:33:26] WARNING  data_pipeline.DateLoader | Could not create partition dim_date_202510: (psycopg2.errors.InvalidObjectDefinition) "dim_date" is not partitioned

[SQL: CREATE TABLE IF NOT EXISTS dim_date_202510 PARTITION OF dim_date FOR VALUES FROM (20251001) TO (20251101)]
(Background on this error at: https://sqlalche.me/e/20/f405)
[2026-03-02 03:33:26] WARNING  data_pipeline.DateLoader | Could not create partition dim_date_202511: (psycopg2.errors.InvalidObjectDefinition) "dim_date" is not partitioned

[SQL: CREATE TABLE IF NOT EXISTS dim_date_202511 PARTITION OF dim_date FOR VALUES FROM (20251101) TO (20251201)]
(Background on this error at: https://sqlalche.me/e/20/f405)
[2026-03-02 03:33:26] WARNING  data_pipeline.DateLoader | Could not create partition dim_date_202512: (psycopg2.errors.InvalidObjectDefinition) "dim_date" is not partitioned

[SQL: CREATE TABLE IF NOT EXISTS dim_date_202512 PARTITION OF dim_date FOR VALUES FROM (20251201) TO (20260101)]
(Background on this error at: https://sqlalche.me/e/20/f405)
[2026-03-02 03:33:26] WARNING  data_pipeline.DateLoader | Could not create partition dim_date_202601: (psycopg2.errors.InvalidObjectDefinition) "dim_date" is not partitioned

[SQL: CREATE TABLE IF NOT EXISTS dim_date_202601 PARTITION OF dim_date FOR VALUES FROM (20260101) TO (20260201)]
(Background on this error at: https://sqlalche.me/e/20/f405)
[2026-03-02 03:33:26] WARNING  data_pipeline.DateLoader | Could not create partition dim_date_202602: (psycopg2.errors.InvalidObjectDefinition) "dim_date" is not partitioned

[SQL: CREATE TABLE IF NOT EXISTS dim_date_202602 PARTITION OF dim_date FOR VALUES FROM (20260201) TO (20260301)]
(Background on this error at: https://sqlalche.me/e/20/f405)
[2026-03-02 03:33:26] WARNING  data_pipeline.DateLoader | Could not create partition dim_date_202603: (psycopg2.errors.InvalidObjectDefinition) "dim_date" is not partitioned

[SQL: CREATE TABLE IF NOT EXISTS dim_date_202603 PARTITION OF dim_date FOR VALUES FROM (20260301) TO (20260401)]
(Background on this error at: https://sqlalche.me/e/20/f405)
[2026-03-02 03:33:26] WARNING  data_pipeline.DateLoader | Could not create partition dim_date_202604: (psycopg2.errors.InvalidObjectDefinition) "dim_date" is not partitioned

[SQL: CREATE TABLE IF NOT EXISTS dim_date_202604 PARTITION OF dim_date FOR VALUES FROM (20260401) TO (20260501)]
(Background on this error at: https://sqlalche.me/e/20/f405)
[2026-03-02 03:33:26] WARNING  data_pipeline.DateLoader | Could not create partition dim_date_202605: (psycopg2.errors.InvalidObjectDefinition) "dim_date" is not partitioned

[SQL: CREATE TABLE IF NOT EXISTS dim_date_202605 PARTITION OF dim_date FOR VALUES FROM (20260501) TO (20260601)]
(Background on this error at: https://sqlalche.me/e/20/f405)
[2026-03-02 03:33:26] WARNING  data_pipeline.DateLoader | Could not create partition dim_date_202606: (psycopg2.errors.InvalidObjectDefinition) "dim_date" is not partitioned

[SQL: CREATE TABLE IF NOT EXISTS dim_date_202606 PARTITION OF dim_date FOR VALUES FROM (20260601) TO (20260701)]
(Background on this error at: https://sqlalche.me/e/20/f405)
[2026-03-02 03:33:26] WARNING  data_pipeline.DateLoader | Could not create partition dim_date_202607: (psycopg2.errors.InvalidObjectDefinition) "dim_date" is not partitioned

[SQL: CREATE TABLE IF NOT EXISTS dim_date_202607 PARTITION OF dim_date FOR VALUES FROM (20260701) TO (20260801)]
(Background on this error at: https://sqlalche.me/e/20/f405)
[2026-03-02 03:33:26] WARNING  data_pipeline.DateLoader | Could not create partition dim_date_202608: (psycopg2.errors.InvalidObjectDefinition) "dim_date" is not partitioned

[SQL: CREATE TABLE IF NOT EXISTS dim_date_202608 PARTITION OF dim_date FOR VALUES FROM (20260801) TO (20260901)]
(Background on this error at: https://sqlalche.me/e/20/f405)
[2026-03-02 03:33:26] WARNING  data_pipeline.DateLoader | Could not create partition dim_date_202609: (psycopg2.errors.InvalidObjectDefinition) "dim_date" is not partitioned

[SQL: CREATE TABLE IF NOT EXISTS dim_date_202609 PARTITION OF dim_date FOR VALUES FROM (20260901) TO (20261001)]
(Background on this error at: https://sqlalche.me/e/20/f405)
[2026-03-02 03:33:26] WARNING  data_pipeline.DateLoader | Could not create partition dim_date_202610: (psycopg2.errors.InvalidObjectDefinition) "dim_date" is not partitioned

[SQL: CREATE TABLE IF NOT EXISTS dim_date_202610 PARTITION OF dim_date FOR VALUES FROM (20261001) TO (20261101)]
(Background on this error at: https://sqlalche.me/e/20/f405)
[2026-03-02 03:33:26] WARNING  data_pipeline.DateLoader | Could not create partition dim_date_202611: (psycopg2.errors.InvalidObjectDefinition) "dim_date" is not partitioned

[SQL: CREATE TABLE IF NOT EXISTS dim_date_202611 PARTITION OF dim_date FOR VALUES FROM (20261101) TO (20261201)]
(Background on this error at: https://sqlalche.me/e/20/f405)
[2026-03-02 03:33:26] WARNING  data_pipeline.DateLoader | Could not create partition dim_date_202612: (psycopg2.errors.InvalidObjectDefinition) "dim_date" is not partitioned

[SQL: CREATE TABLE IF NOT EXISTS dim_date_202612 PARTITION OF dim_date FOR VALUES FROM (20261201) TO (20270101)]
(Background on this error at: https://sqlalche.me/e/20/f405)
[2026-03-02 03:33:26] WARNING  data_pipeline.DateLoader | Could not create partition dim_date_202701: (psycopg2.errors.InvalidObjectDefinition) "dim_date" is not partitioned

[SQL: CREATE TABLE IF NOT EXISTS dim_date_202701 PARTITION OF dim_date FOR VALUES FROM (20270101) TO (20270201)]
(Background on this error at: https://sqlalche.me/e/20/f405)
[2026-03-02 03:33:26] WARNING  data_pipeline.DateLoader | Could not create partition dim_date_202702: (psycopg2.errors.InvalidObjectDefinition) "dim_date" is not partitioned

[SQL: CREATE TABLE IF NOT EXISTS dim_date_202702 PARTITION OF dim_date FOR VALUES FROM (20270201) TO (20270301)]
(Background on this error at: https://sqlalche.me/e/20/f405)
[2026-03-02 03:33:26] WARNING  data_pipeline.DateLoader | Could not create partition dim_date_202703: (psycopg2.errors.InvalidObjectDefinition) "dim_date" is not partitioned

[SQL: CREATE TABLE IF NOT EXISTS dim_date_202703 PARTITION OF dim_date FOR VALUES FROM (20270301) TO (20270401)]
(Background on this error at: https://sqlalche.me/e/20/f405)
[2026-03-02 03:33:26] WARNING  data_pipeline.DateLoader | Could not create partition dim_date_202704: (psycopg2.errors.InvalidObjectDefinition) "dim_date" is not partitioned

[SQL: CREATE TABLE IF NOT EXISTS dim_date_202704 PARTITION OF dim_date FOR VALUES FROM (20270401) TO (20270501)]
(Background on this error at: https://sqlalche.me/e/20/f405)
[2026-03-02 03:33:26] WARNING  data_pipeline.DateLoader | Could not create partition dim_date_202705: (psycopg2.errors.InvalidObjectDefinition) "dim_date" is not partitioned

[SQL: CREATE TABLE IF NOT EXISTS dim_date_202705 PARTITION OF dim_date FOR VALUES FROM (20270501) TO (20270601)]
(Background on this error at: https://sqlalche.me/e/20/f405)
[2026-03-02 03:33:26] WARNING  data_pipeline.DateLoader | Could not create partition dim_date_202706: (psycopg2.errors.InvalidObjectDefinition) "dim_date" is not partitioned

[SQL: CREATE TABLE IF NOT EXISTS dim_date_202706 PARTITION OF dim_date FOR VALUES FROM (20270601) TO (20270701)]
(Background on this error at: https://sqlalche.me/e/20/f405)
[2026-03-02 03:33:26] WARNING  data_pipeline.DateLoader | Could not create partition dim_date_202707: (psycopg2.errors.InvalidObjectDefinition) "dim_date" is not partitioned

[SQL: CREATE TABLE IF NOT EXISTS dim_date_202707 PARTITION OF dim_date FOR VALUES FROM (20270701) TO (20270801)]
(Background on this error at: https://sqlalche.me/e/20/f405)
[2026-03-02 03:33:26] WARNING  data_pipeline.DateLoader | Could not create partition dim_date_202708: (psycopg2.errors.InvalidObjectDefinition) "dim_date" is not partitioned

[SQL: CREATE TABLE IF NOT EXISTS dim_date_202708 PARTITION OF dim_date FOR VALUES FROM (20270801) TO (20270901)]
(Background on this error at: https://sqlalche.me/e/20/f405)
[2026-03-02 03:33:26] WARNING  data_pipeline.DateLoader | Could not create partition dim_date_202709: (psycopg2.errors.InvalidObjectDefinition) "dim_date" is not partitioned

[SQL: CREATE TABLE IF NOT EXISTS dim_date_202709 PARTITION OF dim_date FOR VALUES FROM (20270901) TO (20271001)]
(Background on this error at: https://sqlalche.me/e/20/f405)
[2026-03-02 03:33:26] WARNING  data_pipeline.DateLoader | Could not create partition dim_date_202710: (psycopg2.errors.InvalidObjectDefinition) "dim_date" is not partitioned

[SQL: CREATE TABLE IF NOT EXISTS dim_date_202710 PARTITION OF dim_date FOR VALUES FROM (20271001) TO (20271101)]
(Background on this error at: https://sqlalche.me/e/20/f405)
[2026-03-02 03:33:26] WARNING  data_pipeline.DateLoader | Could not create partition dim_date_202711: (psycopg2.errors.InvalidObjectDefinition) "dim_date" is not partitioned

[SQL: CREATE TABLE IF NOT EXISTS dim_date_202711 PARTITION OF dim_date FOR VALUES FROM (20271101) TO (20271201)]
(Background on this error at: https://sqlalche.me/e/20/f405)
[2026-03-02 03:33:26] WARNING  data_pipeline.DateLoader | Could not create partition dim_date_202712: (psycopg2.errors.InvalidObjectDefinition) "dim_date" is not partitioned

[SQL: CREATE TABLE IF NOT EXISTS dim_date_202712 PARTITION OF dim_date FOR VALUES FROM (20271201) TO (20280101)]
(Background on this error at: https://sqlalche.me/e/20/f405)
[2026-03-02 03:33:26] INFO     data_pipeline.DateLoader | Batch 1: upserted 0/500 rows
[2026-03-02 03:33:26] INFO     data_pipeline.DateLoader | Batch 2: upserted 0/500 rows
[2026-03-02 03:33:26] INFO     data_pipeline.DateLoader | Batch 3: upserted 0/461 rows
[2026-03-02 03:33:26] INFO     data_pipeline.date_time_pipeline | Loaded 0 records → dim_date
[2026-03-02 03:33:26] INFO     data_pipeline.TimeOfDayLoader | Batch 1: upserted 500/500 rows
[2026-03-02 03:33:26] INFO     data_pipeline.TimeOfDayLoader | Batch 2: upserted 500/500 rows
[2026-03-02 03:33:26] INFO     data_pipeline.TimeOfDayLoader | Batch 3: upserted 440/440 rows
[2026-03-02 03:33:26] INFO     data_pipeline.date_time_pipeline | Loaded 1440 records → dim_time_of_day
[2026-03-02 03:33:26] INFO     data_pipeline.main | [run-static] date_time_pipeline: 1447 records
[2026-03-02 03:33:26] INFO     data_pipeline.HolidayTransformer | Generated 6 dim_holiday, 52 bridge_date_holiday rows
[2026-03-02 03:33:26] INFO     data_pipeline.HolidayLoader | Batch 1: upserted 0/6 rows
[2026-03-02 03:33:26] INFO     data_pipeline.holiday_pipeline | Loaded 0 records → dim_holiday
[2026-03-02 03:33:26] WARNING  data_pipeline.BridgeDateHolidayLoader | Could not create partition bridge_date_holiday_202401: (psycopg2.errors.InvalidObjectDefinition) "bridge_date_holiday" is not partitioned

[SQL: CREATE TABLE IF NOT EXISTS bridge_date_holiday_202401 PARTITION OF bridge_date_holiday FOR VALUES FROM (20240101) TO (20240201)]
(Background on this error at: https://sqlalche.me/e/20/f405)
[2026-03-02 03:33:26] WARNING  data_pipeline.BridgeDateHolidayLoader | Could not create partition bridge_date_holiday_202402: (psycopg2.errors.InvalidObjectDefinition) "bridge_date_holiday" is not partitioned

[SQL: CREATE TABLE IF NOT EXISTS bridge_date_holiday_202402 PARTITION OF bridge_date_holiday FOR VALUES FROM (20240201) TO (20240301)]
(Background on this error at: https://sqlalche.me/e/20/f405)
[2026-03-02 03:33:26] WARNING  data_pipeline.BridgeDateHolidayLoader | Could not create partition bridge_date_holiday_202404: (psycopg2.errors.InvalidObjectDefinition) "bridge_date_holiday" is not partitioned

[SQL: CREATE TABLE IF NOT EXISTS bridge_date_holiday_202404 PARTITION OF bridge_date_holiday FOR VALUES FROM (20240401) TO (20240501)]
(Background on this error at: https://sqlalche.me/e/20/f405)
[2026-03-02 03:33:26] WARNING  data_pipeline.BridgeDateHolidayLoader | Could not create partition bridge_date_holiday_202405: (psycopg2.errors.InvalidObjectDefinition) "bridge_date_holiday" is not partitioned

[SQL: CREATE TABLE IF NOT EXISTS bridge_date_holiday_202405 PARTITION OF bridge_date_holiday FOR VALUES FROM (20240501) TO (20240601)]
(Background on this error at: https://sqlalche.me/e/20/f405)
[2026-03-02 03:33:26] WARNING  data_pipeline.BridgeDateHolidayLoader | Could not create partition bridge_date_holiday_202409: (psycopg2.errors.InvalidObjectDefinition) "bridge_date_holiday" is not partitioned

[SQL: CREATE TABLE IF NOT EXISTS bridge_date_holiday_202409 PARTITION OF bridge_date_holiday FOR VALUES FROM (20240901) TO (20241001)]
(Background on this error at: https://sqlalche.me/e/20/f405)
[2026-03-02 03:33:26] WARNING  data_pipeline.BridgeDateHolidayLoader | Could not create partition bridge_date_holiday_202501: (psycopg2.errors.InvalidObjectDefinition) "bridge_date_holiday" is not partitioned

[SQL: CREATE TABLE IF NOT EXISTS bridge_date_holiday_202501 PARTITION OF bridge_date_holiday FOR VALUES FROM (20250101) TO (20250201)]
(Background on this error at: https://sqlalche.me/e/20/f405)
[2026-03-02 03:33:26] WARNING  data_pipeline.BridgeDateHolidayLoader | Could not create partition bridge_date_holiday_202502: (psycopg2.errors.InvalidObjectDefinition) "bridge_date_holiday" is not partitioned

[SQL: CREATE TABLE IF NOT EXISTS bridge_date_holiday_202502 PARTITION OF bridge_date_holiday FOR VALUES FROM (20250201) TO (20250301)]
(Background on this error at: https://sqlalche.me/e/20/f405)
[2026-03-02 03:33:26] WARNING  data_pipeline.BridgeDateHolidayLoader | Could not create partition bridge_date_holiday_202504: (psycopg2.errors.InvalidObjectDefinition) "bridge_date_holiday" is not partitioned

[SQL: CREATE TABLE IF NOT EXISTS bridge_date_holiday_202504 PARTITION OF bridge_date_holiday FOR VALUES FROM (20250401) TO (20250501)]
(Background on this error at: https://sqlalche.me/e/20/f405)
[2026-03-02 03:33:26] WARNING  data_pipeline.BridgeDateHolidayLoader | Could not create partition bridge_date_holiday_202505: (psycopg2.errors.InvalidObjectDefinition) "bridge_date_holiday" is not partitioned

[SQL: CREATE TABLE IF NOT EXISTS bridge_date_holiday_202505 PARTITION OF bridge_date_holiday FOR VALUES FROM (20250501) TO (20250601)]
(Background on this error at: https://sqlalche.me/e/20/f405)
[2026-03-02 03:33:26] WARNING  data_pipeline.BridgeDateHolidayLoader | Could not create partition bridge_date_holiday_202509: (psycopg2.errors.InvalidObjectDefinition) "bridge_date_holiday" is not partitioned

[SQL: CREATE TABLE IF NOT EXISTS bridge_date_holiday_202509 PARTITION OF bridge_date_holiday FOR VALUES FROM (20250901) TO (20251001)]
(Background on this error at: https://sqlalche.me/e/20/f405)
[2026-03-02 03:33:26] WARNING  data_pipeline.BridgeDateHolidayLoader | Could not create partition bridge_date_holiday_202601: (psycopg2.errors.InvalidObjectDefinition) "bridge_date_holiday" is not partitioned

[SQL: CREATE TABLE IF NOT EXISTS bridge_date_holiday_202601 PARTITION OF bridge_date_holiday FOR VALUES FROM (20260101) TO (20260201)]
(Background on this error at: https://sqlalche.me/e/20/f405)
[2026-03-02 03:33:26] WARNING  data_pipeline.BridgeDateHolidayLoader | Could not create partition bridge_date_holiday_202602: (psycopg2.errors.InvalidObjectDefinition) "bridge_date_holiday" is not partitioned

[SQL: CREATE TABLE IF NOT EXISTS bridge_date_holiday_202602 PARTITION OF bridge_date_holiday FOR VALUES FROM (20260201) TO (20260301)]
(Background on this error at: https://sqlalche.me/e/20/f405)
[2026-03-02 03:33:26] WARNING  data_pipeline.BridgeDateHolidayLoader | Could not create partition bridge_date_holiday_202604: (psycopg2.errors.InvalidObjectDefinition) "bridge_date_holiday" is not partitioned

[SQL: CREATE TABLE IF NOT EXISTS bridge_date_holiday_202604 PARTITION OF bridge_date_holiday FOR VALUES FROM (20260401) TO (20260501)]
(Background on this error at: https://sqlalche.me/e/20/f405)
[2026-03-02 03:33:26] WARNING  data_pipeline.BridgeDateHolidayLoader | Could not create partition bridge_date_holiday_202605: (psycopg2.errors.InvalidObjectDefinition) "bridge_date_holiday" is not partitioned

[SQL: CREATE TABLE IF NOT EXISTS bridge_date_holiday_202605 PARTITION OF bridge_date_holiday FOR VALUES FROM (20260501) TO (20260601)]
(Background on this error at: https://sqlalche.me/e/20/f405)
[2026-03-02 03:33:26] WARNING  data_pipeline.BridgeDateHolidayLoader | Could not create partition bridge_date_holiday_202609: (psycopg2.errors.InvalidObjectDefinition) "bridge_date_holiday" is not partitioned

[SQL: CREATE TABLE IF NOT EXISTS bridge_date_holiday_202609 PARTITION OF bridge_date_holiday FOR VALUES FROM (20260901) TO (20261001)]
(Background on this error at: https://sqlalche.me/e/20/f405)
[2026-03-02 03:33:26] WARNING  data_pipeline.BridgeDateHolidayLoader | Could not create partition bridge_date_holiday_202701: (psycopg2.errors.InvalidObjectDefinition) "bridge_date_holiday" is not partitioned

[SQL: CREATE TABLE IF NOT EXISTS bridge_date_holiday_202701 PARTITION OF bridge_date_holiday FOR VALUES FROM (20270101) TO (20270201)]
(Background on this error at: https://sqlalche.me/e/20/f405)
[2026-03-02 03:33:26] WARNING  data_pipeline.BridgeDateHolidayLoader | Could not create partition bridge_date_holiday_202702: (psycopg2.errors.InvalidObjectDefinition) "bridge_date_holiday" is not partitioned

[SQL: CREATE TABLE IF NOT EXISTS bridge_date_holiday_202702 PARTITION OF bridge_date_holiday FOR VALUES FROM (20270201) TO (20270301)]
(Background on this error at: https://sqlalche.me/e/20/f405)
[2026-03-02 03:33:26] WARNING  data_pipeline.BridgeDateHolidayLoader | Could not create partition bridge_date_holiday_202704: (psycopg2.errors.InvalidObjectDefinition) "bridge_date_holiday" is not partitioned

[SQL: CREATE TABLE IF NOT EXISTS bridge_date_holiday_202704 PARTITION OF bridge_date_holiday FOR VALUES FROM (20270401) TO (20270501)]
(Background on this error at: https://sqlalche.me/e/20/f405)
[2026-03-02 03:33:26] WARNING  data_pipeline.BridgeDateHolidayLoader | Could not create partition bridge_date_holiday_202705: (psycopg2.errors.InvalidObjectDefinition) "bridge_date_holiday" is not partitioned

[SQL: CREATE TABLE IF NOT EXISTS bridge_date_holiday_202705 PARTITION OF bridge_date_holiday FOR VALUES FROM (20270501) TO (20270601)]
(Background on this error at: https://sqlalche.me/e/20/f405)
[2026-03-02 03:33:26] WARNING  data_pipeline.BridgeDateHolidayLoader | Could not create partition bridge_date_holiday_202709: (psycopg2.errors.InvalidObjectDefinition) "bridge_date_holiday" is not partitioned

[SQL: CREATE TABLE IF NOT EXISTS bridge_date_holiday_202709 PARTITION OF bridge_date_holiday FOR VALUES FROM (20270901) TO (20271001)]
(Background on this error at: https://sqlalche.me/e/20/f405)
[2026-03-02 03:33:26] INFO     data_pipeline.BridgeDateHolidayLoader | Batch 1: upserted 0/52 rows
[2026-03-02 03:33:26] INFO     data_pipeline.holiday_pipeline | Loaded 0 records → bridge_date_holiday
[2026-03-02 03:33:26] INFO     data_pipeline.main | [run-static] holiday_pipeline: 0 records
[2026-03-02 03:34:31] INFO     data_pipeline.database | SQLAlchemy Engine created
[2026-03-02 03:34:31] INFO     data_pipeline.WeatherExtractor | Extracting weather for (10.7764, 106.7011)
[2026-03-02 03:34:31] DEBUG    data_pipeline.WeatherExtractor | GET https://api.openweathermap.org/data/2.5/weather params={'lat': 10.7764, 'lon': 106.7011, 'appid': '3ffe1f60270c3ea6568764bae7c95bc3', 'units': 'metric', 'lang': 'vi'}
[2026-03-02 03:34:32] INFO     data_pipeline.weather_pipeline | Extracted weather data from OpenWeatherMap
[2026-03-02 03:34:32] INFO     data_pipeline.WeatherTransformer | Transformed weather: id=500, category=Rain, severity=3
[2026-03-02 03:34:32] INFO     data_pipeline.WeatherLoader | Batch 1: upserted 1/1 rows
[2026-03-02 03:34:32] INFO     data_pipeline.weather_pipeline | Loaded 1 records → dim_weather
[2026-03-02 03:34:32] INFO     data_pipeline.main | [run-realtime] weather_pipeline: weather_key=500
[2026-03-02 03:34:32] INFO     data_pipeline.main | [run-realtime] Loaded 25 segment points from DB
[2026-03-02 03:34:32] INFO     data_pipeline.TrafficExtractor | Extracting traffic flow for 25 segments
[2026-03-02 03:34:32] DEBUG    data_pipeline.TrafficExtractor | GET https://api.tomtom.com/traffic/services/4/flowSegmentData/absolute/10/json params={'key': 'nYiEtOLKFLyDntCB7Lyb8O8pzaiV6eWx', 'point': '10.769843,106.709304', 'unit': 'KMPH'}
[2026-03-02 03:34:34] DEBUG    data_pipeline.TrafficExtractor | GET https://api.tomtom.com/traffic/services/4/flowSegmentData/absolute/10/json params={'key': 'nYiEtOLKFLyDntCB7Lyb8O8pzaiV6eWx', 'point': '10.769724,106.709129', 'unit': 'KMPH'}
[2026-03-02 03:34:35] DEBUG    data_pipeline.TrafficExtractor | GET https://api.tomtom.com/traffic/services/4/flowSegmentData/absolute/10/json params={'key': 'nYiEtOLKFLyDntCB7Lyb8O8pzaiV6eWx', 'point': '10.750745,106.702145', 'unit': 'KMPH'}
[2026-03-02 03:34:35] DEBUG    data_pipeline.TrafficExtractor | GET https://api.tomtom.com/traffic/services/4/flowSegmentData/absolute/10/json params={'key': 'nYiEtOLKFLyDntCB7Lyb8O8pzaiV6eWx', 'point': '10.750944,106.702217', 'unit': 'KMPH'}
[2026-03-02 03:34:35] DEBUG    data_pipeline.TrafficExtractor | GET https://api.tomtom.com/traffic/services/4/flowSegmentData/absolute/10/json params={'key': 'nYiEtOLKFLyDntCB7Lyb8O8pzaiV6eWx', 'point': '10.788275,106.68266', 'unit': 'KMPH'}
[2026-03-02 03:34:35] DEBUG    data_pipeline.TrafficExtractor | GET https://api.tomtom.com/traffic/services/4/flowSegmentData/absolute/10/json params={'key': 'nYiEtOLKFLyDntCB7Lyb8O8pzaiV6eWx', 'point': '10.788275,106.68266', 'unit': 'KMPH'}
[2026-03-02 03:34:36] DEBUG    data_pipeline.TrafficExtractor | GET https://api.tomtom.com/traffic/services/4/flowSegmentData/absolute/10/json params={'key': 'nYiEtOLKFLyDntCB7Lyb8O8pzaiV6eWx', 'point': '10.785458,106.718521', 'unit': 'KMPH'}
[2026-03-02 03:34:36] DEBUG    data_pipeline.TrafficExtractor | GET https://api.tomtom.com/traffic/services/4/flowSegmentData/absolute/10/json params={'key': 'nYiEtOLKFLyDntCB7Lyb8O8pzaiV6eWx', 'point': '10.760899,106.695419', 'unit': 'KMPH'}
[2026-03-02 03:34:36] DEBUG    data_pipeline.TrafficExtractor | GET https://api.tomtom.com/traffic/services/4/flowSegmentData/absolute/10/json params={'key': 'nYiEtOLKFLyDntCB7Lyb8O8pzaiV6eWx', 'point': '10.761006,106.695351', 'unit': 'KMPH'}
[2026-03-02 03:34:37] DEBUG    data_pipeline.TrafficExtractor | GET https://api.tomtom.com/traffic/services/4/flowSegmentData/absolute/10/json params={'key': 'nYiEtOLKFLyDntCB7Lyb8O8pzaiV6eWx', 'point': '10.765608,106.714884', 'unit': 'KMPH'}
[2026-03-02 03:34:37] DEBUG    data_pipeline.TrafficExtractor | GET https://api.tomtom.com/traffic/services/4/flowSegmentData/absolute/10/json params={'key': 'nYiEtOLKFLyDntCB7Lyb8O8pzaiV6eWx', 'point': '10.765608,106.714884', 'unit': 'KMPH'}
[2026-03-02 03:34:37] DEBUG    data_pipeline.TrafficExtractor | GET https://api.tomtom.com/traffic/services/4/flowSegmentData/absolute/10/json params={'key': 'nYiEtOLKFLyDntCB7Lyb8O8pzaiV6eWx', 'point': '10.757306,106.714266', 'unit': 'KMPH'}
[2026-03-02 03:34:38] DEBUG    data_pipeline.TrafficExtractor | GET https://api.tomtom.com/traffic/services/4/flowSegmentData/absolute/10/json params={'key': 'nYiEtOLKFLyDntCB7Lyb8O8pzaiV6eWx', 'point': '10.757306,106.714266', 'unit': 'KMPH'}
[2026-03-02 03:34:38] DEBUG    data_pipeline.TrafficExtractor | GET https://api.tomtom.com/traffic/services/4/flowSegmentData/absolute/10/json params={'key': 'nYiEtOLKFLyDntCB7Lyb8O8pzaiV6eWx', 'point': '10.756565,106.689692', 'unit': 'KMPH'}
[2026-03-02 03:34:38] DEBUG    data_pipeline.TrafficExtractor | GET https://api.tomtom.com/traffic/services/4/flowSegmentData/absolute/10/json params={'key': 'nYiEtOLKFLyDntCB7Lyb8O8pzaiV6eWx', 'point': '10.758668,106.715012', 'unit': 'KMPH'}
[2026-03-02 03:34:39] DEBUG    data_pipeline.TrafficExtractor | GET https://api.tomtom.com/traffic/services/4/flowSegmentData/absolute/10/json params={'key': 'nYiEtOLKFLyDntCB7Lyb8O8pzaiV6eWx', 'point': '10.752241,106.680523', 'unit': 'KMPH'}
[2026-03-02 03:34:39] DEBUG    data_pipeline.TrafficExtractor | GET https://api.tomtom.com/traffic/services/4/flowSegmentData/absolute/10/json params={'key': 'nYiEtOLKFLyDntCB7Lyb8O8pzaiV6eWx', 'point': '10.752122,106.680522', 'unit': 'KMPH'}
[2026-03-02 03:34:39] DEBUG    data_pipeline.TrafficExtractor | GET https://api.tomtom.com/traffic/services/4/flowSegmentData/absolute/10/json params={'key': 'nYiEtOLKFLyDntCB7Lyb8O8pzaiV6eWx', 'point': '10.770978,106.713589', 'unit': 'KMPH'}
[2026-03-02 03:34:39] DEBUG    data_pipeline.TrafficExtractor | GET https://api.tomtom.com/traffic/services/4/flowSegmentData/absolute/10/json params={'key': 'nYiEtOLKFLyDntCB7Lyb8O8pzaiV6eWx', 'point': '10.7935,106.695651', 'unit': 'KMPH'}
[2026-03-02 03:34:40] DEBUG    data_pipeline.TrafficExtractor | GET https://api.tomtom.com/traffic/services/4/flowSegmentData/absolute/10/json params={'key': 'nYiEtOLKFLyDntCB7Lyb8O8pzaiV6eWx', 'point': '10.7935,106.695651', 'unit': 'KMPH'}
[2026-03-02 03:34:40] DEBUG    data_pipeline.TrafficExtractor | GET https://api.tomtom.com/traffic/services/4/flowSegmentData/absolute/10/json params={'key': 'nYiEtOLKFLyDntCB7Lyb8O8pzaiV6eWx', 'point': '10.772413,106.719715', 'unit': 'KMPH'}
[2026-03-02 03:34:40] DEBUG    data_pipeline.TrafficExtractor | GET https://api.tomtom.com/traffic/services/4/flowSegmentData/absolute/10/json params={'key': 'nYiEtOLKFLyDntCB7Lyb8O8pzaiV6eWx', 'point': '10.799312,106.706493', 'unit': 'KMPH'}
[2026-03-02 03:34:41] DEBUG    data_pipeline.TrafficExtractor | GET https://api.tomtom.com/traffic/services/4/flowSegmentData/absolute/10/json params={'key': 'nYiEtOLKFLyDntCB7Lyb8O8pzaiV6eWx', 'point': '10.79927,106.706523', 'unit': 'KMPH'}
[2026-03-02 03:34:41] DEBUG    data_pipeline.TrafficExtractor | GET https://api.tomtom.com/traffic/services/4/flowSegmentData/absolute/10/json params={'key': 'nYiEtOLKFLyDntCB7Lyb8O8pzaiV6eWx', 'point': '10.750527,106.666448', 'unit': 'KMPH'}
[2026-03-02 03:34:40] DEBUG    data_pipeline.TrafficExtractor | GET https://api.tomtom.com/traffic/services/4/flowSegmentData/absolute/10/json params={'key': 'nYiEtOLKFLyDntCB7Lyb8O8pzaiV6eWx', 'point': '10.799392,106.706301', 'unit': 'KMPH'}
[2026-03-02 03:34:40] INFO     data_pipeline.TrafficExtractor | Extracted 25/25 responses
[2026-03-02 03:34:40] INFO     data_pipeline.traffic_pipeline | Extracted 25 raw responses
[2026-03-02 03:34:40] INFO     data_pipeline.TrafficTransformer | Transformed 25 fact_traffic_flow records
[2026-03-02 03:34:40] INFO     data_pipeline.traffic_pipeline | Transformed 25 records
[2026-03-02 03:34:40] INFO     data_pipeline.TrafficLoader | Ensured partition fact_traffic_flow_202603
[2026-03-02 03:34:40] INFO     data_pipeline.TrafficLoader | Batch 1: upserted 25/25 rows
[2026-03-02 03:34:40] INFO     data_pipeline.traffic_pipeline | Loaded 25 records → fact_traffic_flow
[2026-03-02 03:34:40] INFO     data_pipeline.main | [run-realtime] traffic_pipeline: 25 records
[2026-03-02 03:34:40] INFO     data_pipeline.IncidentExtractor | Extracting incidents for bbox: 10.743,106.663,10.803,106.723
[2026-03-02 03:34:40] DEBUG    data_pipeline.IncidentExtractor | GET https://api.tomtom.com/traffic/services/5/incidentDetails params={'key': 'nYiEtOLKFLyDntCB7Lyb8O8pzaiV6eWx', 'bbox': '10.743,106.663,10.803,106.723', 'fields': '{incidents{type,geometry{type,coordinates},properties{id,iconCategory,magnitudeOfDelay,startTime,endTime,from,to,delay,length}}}', 'language': 'en-US', 'timeValidityFilter': 'present'}
[2026-03-02 03:34:41] INFO     data_pipeline.incident_pipeline | Extracted incidents from TomTom
[2026-03-02 03:34:41] INFO     data_pipeline.IncidentTransformer | Transformed 0 fact_incident records
[2026-03-02 03:34:41] INFO     data_pipeline.incident_pipeline | Transformed 0 records
[2026-03-02 03:34:41] INFO     data_pipeline.incident_pipeline | Loaded 0 records → fact_incident
[2026-03-02 03:34:41] INFO     data_pipeline.main | [run-realtime] incident_pipeline: 0 records
